carat/tables/qcatalog/dim4/dir.1,1,1,1/ordnung.1/(4)^1/min.15	1	1	1	0	0	0	0.00
carat/tables/qcatalog/dim4/dir.2-1',2-1'/ordnung.4/(4)^2/min.23	1	1	2	1	0	0	0.00
carat/tables/qcatalog/dim4/dir.2-1;1,1/ordnung.16/(2)^4(8)^1/group.34	2	29	29	0	1	0	0.01
carat/tables/qcatalog/dim4/dir.1,1;1;1/ordnung.4/(2)^2(8)^1/min.20	6	44	44	0	1	0	0.01
carat/tables/qcatalog/dim4/dir.1,1;1,1/ordnung.4/(4)^2/group.28	3	7	7	0	0	0	0.01
carat/tables/qcatalog/dim4/dir.2-1,2-1/ordnung.8/(4)^4/min.24	3	6	12	6	0	0	0.01
carat/tables/qcatalog/dim4/dir.2-1;1,1/ordnung.4/(2)^2(8)^1/min.25	2	7	7	0	0	0	0.00
carat/tables/qcatalog/dim4/dir.1;1;1;1/ordnung.4/(4)^4/min.22	13	51	51	0	0	0	0.01
carat/tables/qcatalog/dim4/dir.1,1;1;1/ordnung.8/(2)^2(8)^1/group.29	6	100	100	0	1	0	0.01
carat/tables/qcatalog/dim4/dir.1,1,1;1/ordnung.4/(2)^1(6)^1/group.27	2	6	6	0	1	0	0.01
carat/tables/qcatalog/dim4/dir.1,1,1;1/ordnung.2/(2)^1(6)^1/min.16	2	4	4	0	1	0	0.02
carat/tables/qcatalog/dim4/dir.1,1;1;1/ordnung.4/(2)^2(8)^1/min.21	7	45	45	0	1	0	0.01
carat/tables/qcatalog/dim4/dir.1;1;1;1/ordnung.8/(2)^2(4)^2/group.32	12	294	294	0	1	0	0.02
carat/tables/qcatalog/dim4/dir.2-1;1,1/ordnung.4/(2)^2(8)^1/min.26	2	2	2	0	0	0	0.01
carat/tables/qcatalog/dim4/dir.2-1;1,1/ordnung.8/(2)^4(8)^1/group.36	2	10	10	0	1	0	0.01
carat/tables/qcatalog/dim4/dir.2-1;1,1/ordnung.8/(2)^4(8)^1/group.38	4	14	14	0	1	0	0.01
carat/tables/qcatalog/dim4/dir.1,1;1,1/ordnung.2/(4)^2/min.18	3	5	5	0	0	0	0.01
carat/tables/qcatalog/dim4/dir.1,1;1;1/ordnung.4/(2)^2(8)^1/min.19	6	18	18	0	1	0	0.01
carat/tables/qcatalog/dim4/dir.2-1;1,1/ordnung.8/(2)^2(8)^1/group.35	2	7	7	0	0	0	0.00
carat/tables/qcatalog/dim4/dir.2-1;1;1/ordnung.16/(2)^4(4)^2/group.40	6	232	232	0	1	0	0.01
carat/tables/qcatalog/dim4/dir.2-1;1,1/ordnung.8/(2)^4(8)^1/group.37	2	19	19	0	1	0	0.00
carat/tables/qcatalog/dim4/dir.1;1;1;1/ordnung.8/(2)^2(4)^2/group.31	12	174	174	0	1	0	0.01
carat/tables/qcatalog/dim4/dir.2-1;1;1/ordnung.16/(2)^2(4)^2/group.39	5	67	67	0	1	0	0.01
carat/tables/qcatalog/dim4/dir.1,1,1;1/ordnung.2/(2)^1(6)^1/min.17	2	3	3	0	1	0	0.01
carat/tables/qcatalog/dim4/dir.2-1;2-1/ordnung.16/(2)^2(4)^2/group.51	2	5	5	0	0	0	0.00
carat/tables/qcatalog/dim4/dir.1;1;1;1/ordnung.8/(4)^4/group.33	9	63	63	0	0	0	0.01
carat/tables/qcatalog/dim4/dir.1;1;1;1/ordnung.16/(2)^2(4)^2/group.30	8	419	419	0	1	0	0.02
carat/tables/qcatalog/dim4/dir.2-1;1;1/ordnung.4/(4)^4/min.27	7	15	15	0	1	0	0.01
carat/tables/qcatalog/dim4/dir.2-1;1;1/ordnung.8/(2)^4(8)^2/min.29	6	60	60	0	0	0	0.01
carat/tables/qcatalog/dim4/dir.2-1;1;1/ordnung.16/(2)^4(8)^2/group.44	5	67	67	0	0	0	0.01
carat/tables/qcatalog/dim4/dir.2-1;1;1/ordnung.8/(2)^2(4)^2/group.47	6	60	60	0	1	0	0.01
carat/tables/qcatalog/dim4/dir.2-1;2-1/ordnung.16/(2)^4(8)^2/min.30	2	6	6	0	1	0	0.00
carat/tables/qcatalog/dim4/dir.2-1;2-1/ordnung.16/(2)^4(8)^2/group.52	5	29	29	0	1	0	0.01
carat/tables/qcatalog/dim4/dir.2-1;2-1/ordnung.32/(2)^4(4)^4/group.55	2	14	14	0	0	0	0.00
carat/tables/qcatalog/dim4/dir.2-1;1;1/ordnung.16/(2)^4(4)^2/group.42	6	164	164	0	1	0	0.01
carat/tables/qcatalog/dim4/dir.2-1;1;1/ordnung.8/(4)^4/group.50	6	21	21	0	1	0	0.01
carat/tables/qcatalog/dim4/dir.2-1;1;1/ordnung.16/(2)^4(4)^2/group.41	12	232	232	0	1	0	0.01
carat/tables/qcatalog/dim4/dir.2-1;1;1/ordnung.8/(2)^2(4)^2/group.46	6	22	22	0	1	0	0.01
carat/tables/qcatalog/dim4/dir.2-1;2-1/ordnung.16/(4)^8/min.31	7	28	28	0	1	0	0.01
carat/tables/qcatalog/dim4/dir.2-1;2-1/ordnung.16/(4)^8/group.53	5	26	28	2	0	0	0.01
carat/tables/qcatalog/dim4/dir.2-1;2-1/ordnung.8/(4)^4/min.32	3	7	7	0	0	0	0.00
carat/tables/qcatalog/dim4/dir.2-1;1;1/ordnung.8/(2)^4(8)^2/group.49	13	98	98	0	1	0	0.02
carat/tables/qcatalog/dim4/dir.2-2',2-2'/ordnung.3/(2)^1(6)^1/min.33	1	1	2	1	0	0	0.00
carat/tables/qcatalog/dim4/dir.2-1;2-1/ordnung.32/(2)^4(4)^2/group.54	2	20	20	0	1	0	0.00
carat/tables/qcatalog/dim4/dir.2-1;1;1/ordnung.8/(2)^4(8)^2/group.48	13	66	66	0	1	0	0.01
carat/tables/qcatalog/dim4/dir.2-2',2-2'/ordnung.6/(2)^1(6)^1/group.59	1	1	2	1	0	0	0.01
carat/tables/qcatalog/dim4/dir.2-1;2-1/ordnung.32/(2)^4(4)^4/group.57	4	40	40	0	1	0	0.01
carat/tables/qcatalog/dim4/dir.2-2;1,1/ordnung.12/(1)^2(6)^1/group.62	1	2	2	0	0	0	0.01
carat/tables/qcatalog/dim4/dir.2-1;2-1/ordnung.32/(2)^4(4)^4/group.56	7	85	85	0	1	0	0.01
carat/tables/qcatalog/dim4/dir.2-1;1;1/ordnung.8/(2)^4(8)^2/min.28	6	22	22	0	0	0	0.01
carat/tables/qcatalog/dim4/dir.2-1;1;1/ordnung.32/(2)^4(4)^2/group.45	5	386	386	0	1	0	0.02
carat/tables/qcatalog/dim4/dir.2-2;1,1/ordnung.12/(1)^3(3)^1(6)^1/group.64	1	4	4	0	1	0	0.01
carat/tables/qcatalog/dim4/dir.2-1;1;1/ordnung.16/(2)^4(8)^2/group.43	11	158	158	0	1	0	0.02
carat/tables/qcatalog/dim4/dir.2-2,2-2/ordnung.12/(2)^2(6)^2/group.60	2	2	4	2	0	0	0.01
carat/tables/qcatalog/dim4/dir.2-2,2-2/ordnung.6/(2)^2(6)^2/min.34	3	3	6	3	0	0	0.01
carat/tables/qcatalog/dim4/dir.2-1;2-1/ordnung.64/(2)^6(4)^2/group.58	2	42	42	0	1	0	0.01
carat/tables/qcatalog/dim4/dir.2-2;1,1/ordnung.6/(1)^2(6)^1/group.71	1	1	1	0	0	0	0.01
carat/tables/qcatalog/dim4/dir.2-2;1,1/ordnung.6/(1)^1(3)^1(18)^1/group.67	2	2	2	0	0	0	0.01
carat/tables/qcatalog/dim4/dir.2-2;1,1/ordnung.12/(1)^3(3)^1(6)^1/group.63	1	5	5	0	1	0	0.01
carat/tables/qcatalog/dim4/dir.2-2;1,1/ordnung.24/(1)^3(3)^1(6)^1/group.66	1	5	5	0	1	0	0.01
carat/tables/qcatalog/dim4/dir.2-2;1;1/ordnung.12/(1)^1(3)^1(6)^2/group.72	4	10	10	0	1	0	0.00
carat/tables/qcatalog/dim4/dir.2-2;1;1/ordnung.12/(1)^4(6)^2/group.81	2	20	20	0	0	0	0.00
carat/tables/qcatalog/dim4/dir.2-2;1;1/ordnung.24/(1)^2(2)^1(6)^1/group.83	2	12	12	0	1	0	0.00
carat/tables/qcatalog/dim4/dir.2-2;1;1/ordnung.12/(1)^2(2)^1(6)^1/group.73	2	4	4	0	1	0	0.01
carat/tables/qcatalog/dim4/dir.2-2;1,1/ordnung.3/(1)^1(3)^1(18)^1/min.35	2	4	4	0	0	0	0.01
carat/tables/qcatalog/dim4/dir.2-2;1;1/ordnung.12/(1)^2(2)^1(6)^1/group.75	2	20	20	0	1	0	0.01
carat/tables/qcatalog/dim4/dir.2-2;1;1/ordnung.12/(1)^3(3)^1(6)^1(18)^1/group.77	6	30	30	0	1	0	0.01
carat/tables/qcatalog/dim4/dir.2-2;1;1/ordnung.12/(1)^2(2)^1(6)^1/group.74	2	4	4	0	1	0	0.00
carat/tables/qcatalog/dim4/dir.2-2;1;1/ordnung.12/(1)^3(3)^1(6)^1(18)^1/group.79	6	30	30	0	1	0	0.01
carat/tables/qcatalog/dim4/dir.2-2;1;1/ordnung.12/(1)^2(3)^2(18)^2/group.76	4	10	10	0	0	0	0.00
carat/tables/qcatalog/dim4/dir.2-2;1;1/ordnung.12/(1)^4(6)^2/group.82	4	8	8	0	0	0	0.01
carat/tables/qcatalog/dim4/dir.2-2;1,1/ordnung.12/(1)^1(3)^3(6)^1/group.61	3	6	6	0	1	0	0.01
carat/tables/qcatalog/dim4/dir.2-2;1,1/ordnung.6/(1)^1(3)^3(6)^1/group.68	3	6	6	0	1	0	0.01
carat/tables/qcatalog/dim4/dir.2-2;1,1/ordnung.6/(1)^1(3)^3(6)^1/group.69	3	6	6	0	1	0	0.02
carat/tables/qcatalog/dim4/dir.2-2;1;1/ordnung.24/(1)^4(6)^2/group.85	4	24	24	0	1	0	0.01
carat/tables/qcatalog/dim4/dir.2-2;1;1/ordnung.6/(1)^1(3)^1(6)^2/min.36	4	12	12	0	1	0	0.01
carat/tables/qcatalog/dim4/dir.2-2;2-1/ordnung.12/(1)^2(2)^1(6)^1/min.40	1	1	1	0	0	0	0.00
carat/tables/qcatalog/dim4/dir.1,1,1,1/ordnung.2/(4)^1/group.26	1	1	1	0	0	0	0.07
carat/tables/qcatalog/dim4/dir.2-2;1;1/ordnung.24/(1)^4(6)^2/group.87	2	36	36	0	1	0	0.01
carat/tables/qcatalog/dim4/dir.2-2;1,1/ordnung.12/(1)^3(3)^1(6)^1/group.65	2	4	4	0	1	0	0.02
carat/tables/qcatalog/dim4/dir.2-2;1;1/ordnung.24/(1)^4(6)^2/group.89	2	12	12	0	0	0	0.01
carat/tables/qcatalog/dim4/dir.2-2;2-1/ordnung.24/(1)^2(2)^1(6)^1/group.91	1	2	2	0	0	0	0.00
carat/tables/qcatalog/dim4/dir.2-2;1;1/ordnung.6/(1)^1(3)^1(6)^2/min.37	4	9	9	0	1	0	0.00
carat/tables/qcatalog/dim4/dir.2-2;1;1/ordnung.12/(1)^3(3)^1(6)^1(18)^1/group.78	6	30	30	0	1	0	0.01
carat/tables/qcatalog/dim4/dir.2-2;1;1/ordnung.12/(1)^3(3)^1(6)^1(18)^1/group.80	6	25	25	0	1	0	0.01
carat/tables/qcatalog/dim4/dir.2-2;2-1/ordnung.24/(1)^2(2)^3(6)^1/group.93	1	2	2	0	1	0	0.00
carat/tables/qcatalog/dim4/dir.2-2;1;1/ordnung.24/(1)^3(3)^1(6)^1(18)^1/group.84	6	54	54	0	1	0	0.02
carat/tables/qcatalog/dim4/dir.2-2;1,1/ordnung.6/(1)^2(6)^1/group.70	1	4	4	0	0	0	0.01
carat/tables/qcatalog/dim4/dir.2-2;2-1/ordnung.12/(1)^4(6)^2/min.41	2	2	2	0	1	0	0.01
carat/tables/qcatalog/dim4/dir.2-2;2-1/ordnung.24/(1)^2(2)^3(6)^1/group.92	2	4	4	0	1	0	0.00
carat/tables/qcatalog/dim4/dir.2-2;1;1/ordnung.24/(1)^4(6)^2/group.88	2	36	36	0	1	0	0.01
carat/tables/qcatalog/dim4/dir.2-2;2-1/ordnung.24/(1)^2(2)^3(6)^1/group.94	1	2	2	0	1	0	0.00
carat/tables/qcatalog/dim4/dir.2-2;1;1/ordnung.24/(1)^4(6)^2/group.86	4	24	24	0	1	0	0.01
carat/tables/qcatalog/dim4/dir.2-2;1;1/ordnung.6/(1)^2(3)^2(18)^2/min.38	8	21	21	0	0	0	0.01
carat/tables/qcatalog/dim4/dir.2-2;2-1/ordnung.24/(1)^4(6)^2/group.100	1	2	2	0	1	0	0.00
carat/tables/qcatalog/dim4/dir.2-2;2-1/ordnung.12/(1)^2(2)^1(6)^1/min.39	1	1	1	0	0	0	0.00
carat/tables/qcatalog/dim4/dir.2-2;2-1/ordnung.24/(1)^4(6)^2/group.99	2	4	4	0	1	0	0.01
carat/tables/qcatalog/dim4/dir.2-2;1;1/ordnung.48/(1)^4(6)^2/group.90	2	40	40	0	1	0	0.01
carat/tables/qcatalog/dim4/dir.2-2;2-1/ordnung.48/(1)^4(2)^2(6)^2/group.103	2	8	8	0	1	0	0.01
carat/tables/qcatalog/dim4/dir.2-2;2-1/ordnung.48/(1)^4(2)^2(6)^2/group.107	1	4	4	0	0	0	0.00
carat/tables/qcatalog/dim4/dir.2-2;2-2/ordnung.18/(1)^1(3)^2(9)^1/group.112	2	2	2	0	0	0	0.00
carat/tables/qcatalog/dim4/dir.2-2;2-1/ordnung.96/(1)^4(2)^2(6)^2/max.6	1	8	8	0	1	0	0.00
carat/tables/qcatalog/dim4/dir.2-2;2-1/ordnung.48/(1)^2(2)^3(6)^1/group.102	1	4	4	0	1	0	0.00
carat/tables/qcatalog/dim4/dir.2-2;2-1/ordnung.24/(1)^4(6)^2/group.101	2	4	4	0	1	0	0.00
carat/tables/qcatalog/dim4/dir.2-2;2-1/ordnung.24/(1)^4(2)^2(6)^2/group.97	4	8	8	0	1	0	0.01
carat/tables/qcatalog/dim4/dir.2-2;2-1/ordnung.48/(1)^4(6)^2/group.108	1	4	4	0	1	0	0.00
carat/tables/qcatalog/dim4/dir.2-2;2-1/ordnung.24/(1)^4(2)^2(6)^2/group.95	4	8	8	0	1	0	0.01
carat/tables/qcatalog/dim4/dir.2-2;2-2/ordnung.12/(2)^2(6)^2/group.109	2	2	4	2	0	0	0.00
carat/tables/qcatalog/dim4/dir.2-2;2-2/ordnung.36/(1)^1(3)^5/group.118	3	3	3	0	1	0	0.01
carat/tables/qcatalog/dim4/dir.2-2;2-2/ordnung.18/(1)^1(3)^5/group.113	3	4	4	0	1	0	0.01
carat/tables/qcatalog/dim4/dir.2-2;2-1/ordnung.48/(1)^4(2)^2(6)^2/group.104	2	8	8	0	1	0	0.01
carat/tables/qcatalog/dim4/dir.2-2;2-1/ordnung.24/(1)^4(2)^2(6)^2/group.98	2	4	4	0	0	0	0.00
carat/tables/qcatalog/dim4/dir.2-2;2-2/ordnung.36/(1)^2(3)^2/group.119	1	1	1	0	0	0	0.00
carat/tables/qcatalog/dim4/dir.2-2;2-2/ordnung.18/(1)^1(3)^5/group.114	3	8	8	0	1	0	0.01
carat/tables/qcatalog/dim4/dir.2-2;2-1/ordnung.48/(1)^4(2)^2(6)^2/group.105	4	16	16	0	1	0	0.01
carat/tables/qcatalog/dim4/dir.2-2;2-2/ordnung.36/(1)^3(3)^3/group.122	1	2	2	0	1	0	0.00
carat/tables/qcatalog/dim4/dir.2-2;2-1/ordnung.24/(1)^4(2)^2(6)^2/group.96	2	4	4	0	0	0	0.01
carat/tables/qcatalog/dim4/dir.2-2;2-2/ordnung.18/(1)^2(3)^2/group.115	1	2	2	0	0	0	0.00
carat/tables/qcatalog/dim4/dir.2-2;2-2/ordnung.6/(2)^2(6)^2/min.42	2	2	4	2	0	0	0.00
carat/tables/qcatalog/dim4/dir.2-2;2-2/ordnung.9/(1)^1(3)^2(9)^1/min.43	2	5	5	0	0	0	0.00
carat/tables/qcatalog/dim4/dir.2-2;2-2/ordnung.18/(1)^2(3)^4(9)^2/group.116	5	9	9	0	0	0	0.01
carat/tables/qcatalog/dim4/dir.2-2;2-1/ordnung.48/(1)^4(2)^2(6)^2/group.106	2	8	8	0	1	0	0.01
carat/tables/qcatalog/dim4/dir.2-2;2-2/ordnung.36/(1)^2(3)^4(9)^2/group.120	3	3	3	0	0	0	0.01
carat/tables/qcatalog/dim4/dir.2-2;2-2/ordnung.72/(1)^4(3)^4/group.131	2	3	3	0	1	0	0.01
carat/tables/qcatalog/dim4/dir.2-2;2-2/ordnung.36/(1)^3(3)^3/group.123	2	3	3	0	1	0	0.01
carat/tables/qcatalog/dim4/dir.2-2;2-2/ordnung.12/(2)^4(6)^4/group.110	4	4	8	4	0	0	0.02
carat/tables/qcatalog/dim4/dir.2-2;2-2/ordnung.36/(1)^3(3)^4(9)^1/group.124	4	4	4	0	1	0	0.01
carat/tables/qcatalog/dim4/dir.2-2;2-2/ordnung.24/(2)^4(6)^4/group.117	2	2	4	2	0	0	0.00
carat/tables/qcatalog/dim4/dir.2-2;2-2/ordnung.36/(1)^3(3)^4(9)^1/group.126	4	8	8	0	1	0	0.01
carat/tables/qcatalog/dim4/dir.2-2;2-2/ordnung.72/(1)^3(3)^3/group.128	1	1	1	0	1	0	0.01
carat/tables/qcatalog/dim4/dir.2-2;2-2/ordnung.36/(1)^3(3)^3/group.121	1	1	1	0	1	0	0.01
carat/tables/qcatalog/dim4/dir.2-2;2-2/ordnung.144/(1)^4(3)^4/group.111	1	1	1	0	1	0	0.01
carat/tables/qcatalog/dim4/dir.3;1/ordnung.12/(1)^2(2)^1(4)^6(8)^1/min.44	6	18	18	0	0	0	0.01
carat/tables/qcatalog/dim4/dir.3;1/ordnung.24/(1)^2(2)^2(4)^6/group.135	5	38	38	0	1	0	0.01
carat/tables/qcatalog/dim4/dir.2-2;2-2/ordnung.72/(1)^4(3)^4/group.132	2	2	2	0	1	0	0.01
carat/tables/qcatalog/dim4/dir.2-2;2-2/ordnung.72/(1)^3(3)^4(9)^1/group.129	4	4	4	0	1	0	0.02
carat/tables/qcatalog/dim4/dir.3;1/ordnung.24/(1)^2(2)^1(4)^6(8)^1/group.133	6	12	12	0	0	0	0.01
carat/tables/qcatalog/dim4/dir.2-2;2-2/ordnung.36/(1)^4(3)^4/group.127	2	3	3	0	0	0	0.01
carat/tables/qcatalog/dim4/dir.3;1/ordnung.24/(1)^4(2)^1(4)^4(8)^1/group.137	6	24	24	0	1	0	0.01
carat/tables/qcatalog/dim4/dir.3;1/ordnung.24/(1)^4(2)^2(4)^4/group.139	5	16	16	0	0	0	0.01
carat/tables/qcatalog/dim4/dir.4-1'/ordnung.8/(4)^4/min.49	1	1	2	1	0	0	0.00
carat/tables/qcatalog/dim4/dir.3;1/ordnung.48/(1)^4(2)^1(4)^4(8)^1/group.141	6	31	31	0	1	0	0.01
carat/tables/qcatalog/dim4/dir.3;1/ordnung.24/(1)^4(2)^1(4)^4(8)^1/group.136	6	20	20	0	1	0	0.01
carat/tables/qcatalog/dim4/dir.3;1/ordnung.48/(1)^4(2)^2(4)^4/group.143	5	24	24	0	1	0	0.01
carat/tables/qcatalog/dim4/dir.3;1/ordnung.48/(1)^4(2)^2(4)^4/group.145	5	24	24	0	0	0	0.01
carat/tables/qcatalog/dim4/dir.4-1/ordnung.1152/(1)^8(2)^8/max.7	1	1	1	0	1	0	0.01
carat/tables/qcatalog/dim4/dir.3;1/ordnung.24/(1)^2(2)^2(4)^6/group.134	5	11	11	0	1	0	0.01
carat/tables/qcatalog/dim4/dir.4-1/ordnung.128/(2)^12(4)^4/group.148	2	16	16	0	1	0	0.01
carat/tables/qcatalog/dim4/dir.4-1/ordnung.16/(4)^8/min.45	2	4	8	4	0	0	0.01
carat/tables/qcatalog/dim4/dir.4-1/ordnung.16/(4)^8/group.150	2	8	16	8	0	0	0.01
carat/tables/qcatalog/dim4/dir.3;1/ordnung.48/(1)^2(2)^2(4)^6/group.140	5	29	29	0	1	0	0.01
carat/tables/qcatalog/dim4/dir.3;1/ordnung.24/(1)^4(2)^2(4)^4/group.138	5	19	19	0	0	0	0.01
carat/tables/qcatalog/dim4/dir.3;1/ordnung.48/(1)^4(2)^2(4)^4/group.142	5	48	48	0	1	0	0.01
carat/tables/qcatalog/dim4/dir.2-2;2-2/ordnung.72/(1)^4(3)^4/group.130	1	1	1	0	0	0	0.01
carat/tables/qcatalog/dim4/dir.4-1/ordnung.144/(1)^8(6)^8/group.149	1	1	2	1	0	0	0.00
carat/tables/qcatalog/dim4/dir.4-1/ordnung.24/(2)^2(4)^2/group.157	1	2	4	2	0	0	0.00
carat/tables/qcatalog/dim4/dir.3;1/ordnung.96/(1)^4(2)^2(4)^4/group.147	5	80	80	0	1	0	0.02
carat/tables/qcatalog/dim4/dir.3;1/ordnung.48/(1)^4(2)^2(4)^4/group.144	5	29	29	0	1	0	0.01
carat/tables/qcatalog/dim4/dir.4-1/ordnung.192/(2)^16/group.155	1	2	4	2	0	0	0.01
carat/tables/qcatalog/dim4/dir.3;1/ordnung.48/(1)^4(2)^2(4)^4/group.146	5	48	48	0	1	0	0.01
carat/tables/qcatalog/dim4/dir.2-2;2-2/ordnung.36/(1)^3(3)^4(9)^1/group.125	5	7	7	0	1	0	0.03
carat/tables/qcatalog/dim4/dir.4-1'/ordnung.16/(4)^8/group.180	1	2	4	2	0	0	0.00
carat/tables/qcatalog/dim4/dir.4-1/ordnung.24/(2)^4(6)^4/group.158	1	1	2	1	0	0	0.00
carat/tables/qcatalog/dim4/dir.4-1/ordnung.192/(1)^2(2)^12(4)^2/group.152	3	5	5	0	1	0	0.01
carat/tables/qcatalog/dim4/dir.4-1/ordnung.32/(4)^16/group.162	2	7	7	0	0	0	0.00
carat/tables/qcatalog/dim4/dir.4-1/ordnung.24/(2)^4(6)^4/min.46	1	1	2	1	0	0	0.01
carat/tables/qcatalog/dim4/dir.4-1/ordnung.48/(2)^4(4)^4/group.167	1	2	4	2	0	0	0.01
carat/tables/qcatalog/dim4/dir.4-1/ordnung.192/(1)^4(2)^10(4)^2/group.153	3	6	6	0	1	0	0.01
carat/tables/qcatalog/dim4/dir.4-1/ordnung.288/(1)^4(2)^8(4)^4/group.159	1	1	1	0	0	0	0.00
carat/tables/qcatalog/dim4/dir.4-1/ordnung.576/(1)^6(2)^8(4)^2/group.169	2	2	2	0	1	0	0.01
carat/tables/qcatalog/dim4/dir.4-1/ordnung.16/(4)^8/group.151	2	4	8	4	0	0	0.01
carat/tables/qcatalog/dim4/dir.4-1/ordnung.32/(2)^4(4)^4/group.160	2	6	12	6	0	0	0.01
carat/tables/qcatalog/dim4/dir.4-1/ordnung.72/(1)^4(6)^4/group.175	1	1	2	1	0	0	0.00
carat/tables/qcatalog/dim4/dir.4-1/ordnung.32/(4)^16/group.163	2	7	14	7	0	0	0.01
carat/tables/qcatalog/dim4/dir.4-1/ordnung.96/(2)^8(4)^8/group.179	1	2	4	2	0	0	0.00
carat/tables/qcatalog/dim4/dir.4-1/ordnung.8/(4)^4/min.48	2	3	6	3	0	0	0.00
carat/tables/qcatalog/dim4/dir.4-1/ordnung.32/(4)^16/group.161	2	9	11	2	0	0	0.01
carat/tables/qcatalog/dim4/dir.4-1/ordnung.24/(1)^2(2)^2(6)^4/group.156	3	3	6	3	0	0	0.02
carat/tables/qcatalog/dim4/dir.4-2'/ordnung.12/(2)^2(6)^2/min.54	1	1	2	1	0	0	0.00
carat/tables/qcatalog/dim4/dir.4-1/ordnung.64/(2)^8(4)^8/group.171	4	23	23	0	1	0	0.01
carat/tables/qcatalog/dim4/dir.4-2/ordnung.12/(2)^2(6)^2/min.50	1	1	2	1	0	0	0.00
carat/tables/qcatalog/dim4/dir.4-1/ordnung.48/(2)^8(6)^8/group.168	1	1	2	1	0	0	0.01
carat/tables/qcatalog/dim4/dir.4-1/ordnung.32/(4)^16/min.47	5	20	20	0	1	0	0.02
carat/tables/qcatalog/dim4/dir.4-1/ordnung.96/(2)^8/group.177	1	2	4	2	0	0	0.00
carat/tables/qcatalog/dim4/dir.4-1/ordnung.192/(1)^4(2)^12/group.154	3	5	5	0	0	0	0.01
carat/tables/qcatalog/dim4/dir.4-2'/ordnung.24/(2)^4(6)^4/group.198	1	1	2	1	0	0	0.00
carat/tables/qcatalog/dim4/dir.4-1/ordnung.576/(1)^8(2)^8/group.170	1	1	1	0	0	0	0.01
carat/tables/qcatalog/dim4/dir.4-2/ordnung.144/(1)^6(3)^8(9)^2/group.181	2	2	2	0	1	0	0.00
carat/tables/qcatalog/dim4/dir.4-1/ordnung.64/(2)^8(4)^8/group.173	4	20	20	0	1	0	0.02
carat/tables/qcatalog/dim4/dir.4-1/ordnung.96/(1)^2(2)^10(4)^4/group.176	3	4	4	0	0	0	0.02
carat/tables/qcatalog/dim4/dir.4-2/ordnung.144/(1)^8(3)^8/group.184	1	1	1	0	0	0	0.00
carat/tables/qcatalog/dim4/dir.4-2/ordnung.24/(2)^4(6)^4/min.52	1	1	2	1	0	0	0.00
carat/tables/qcatalog/dim4/dir.4-2/ordnung.36/(1)^2(3)^4(9)^2/group.187	1	1	2	1	0	0	0.00
carat/tables/qcatalog/dim4/dir.4-1/ordnung.96/(2)^8(4)^8/group.178	1	2	4	2	0	0	0.00
carat/tables/qcatalog/dim4/dir.4-1/ordnung.64/(2)^8(4)^8/group.172	2	10	12	2	0	0	0.01
carat/tables/qcatalog/dim4/dir.4-1/ordnung.64/(2)^8(4)^8/group.174	2	8	8	0	1	0	0.00
carat/tables/qcatalog/dim4/dir.4-2/ordnung.288/(1)^8(3)^8/max.8	1	1	1	0	1	0	0.00
carat/tables/qcatalog/dim4/dir.4-1/ordnung.48/(1)^4(2)^4(6)^8/group.165	3	4	8	4	0	0	0.02
carat/tables/qcatalog/dim4/dir.4-2/ordnung.36/(1)^2(3)^4(9)^2/group.188	2	2	4	2	0	0	0.00
carat/tables/qcatalog/dim4/dir.4-2/ordnung.18/(1)^2(3)^4(9)^2/min.51	3	5	10	5	0	0	0.00
carat/tables/qcatalog/dim4/dir.4-2/ordnung.24/(2)^4(6)^4/group.185	2	2	4	2	0	0	0.01
carat/tables/qcatalog/dim4/dir.4-3'/ordnung.10/(1)^1(5)^3/group.203	1	1	1	0	0	0	0.00
carat/tables/qcatalog/dim4/dir.4-2/ordnung.144/(1)^6(3)^8(9)^2/group.182	3	3	3	0	1	0	0.01
carat/tables/qcatalog/dim4/dir.4-1/ordnung.48/(2)^4(4)^4/group.166	1	3	6	3	0	0	0.00
carat/tables/qcatalog/dim4/dir.4-2/ordnung.48/(2)^8(6)^8/group.190	1	1	2	1	0	0	0.01
carat/tables/qcatalog/dim4/dir.4-2/ordnung.24/(2)^4(6)^4/group.186	1	1	2	1	0	0	0.00
carat/tables/qcatalog/dim4/dir.4-2/ordnung.144/(1)^8(3)^8/group.183	1	1	1	0	1	0	0.00
carat/tables/qcatalog/dim4/dir.4-2/ordnung.72/(1)^4(3)^4/group.191	1	1	2	1	0	0	0.00
carat/tables/qcatalog/dim4/dir.4-3'/ordnung.20/(1)^2(5)^6/group.205	1	1	1	0	0	0	0.00
carat/tables/qcatalog/dim4/dir.4-2/ordnung.72/(1)^4(3)^8(9)^4/group.192	3	3	3	0	1	0	0.01
carat/tables/qcatalog/dim4/dir.4-3/ordnung.120/(1)^10(5)^6/group.199	2	2	2	0	1	0	0.00
carat/tables/qcatalog/dim4/dir.4-2/ordnung.72/(1)^6(3)^8(9)^2/group.196	4	4	4	0	1	0	0.01
carat/tables/qcatalog/dim4/dir.4-3'/ordnung.10/(1)^2(5)^6/group.204	2	2	2	0	0	0	0.00
carat/tables/qcatalog/dim4/dir.4-2/ordnung.72/(1)^4(3)^8(9)^4/group.194	2	2	2	0	0	0	0.01
carat/tables/qcatalog/dim4/dir.4-3'/ordnung.5/(1)^1(5)^3/min.57	1	1	1	0	0	0	0.00
carat/tables/qcatalog/dim4/dir.4-2/ordnung.72/(1)^4(3)^8(9)^4/group.193	1	1	1	0	0	0	0.00
carat/tables/qcatalog/dim4/dir.4-3/ordnung.120/(1)^10(5)^6/group.201	2	2	2	0	0	0	0.00
carat/tables/qcatalog/dim4/dir.4-3/ordnung.60/(1)^10(5)^6/min.56	2	4	4	0	0	0	0.00
carat/tables/qcatalog/dim4/dir.4-2/ordnung.36/(1)^4(3)^8(9)^4/group.189	5	7	8	1	0	0	0.01
carat/tables/qcatalog/dim4/dir.4-2/ordnung.72/(1)^4(3)^8(9)^4/group.195	1	1	2	1	0	0	0.00
carat/tables/qcatalog/dim4/dir.4-3/ordnung.240/(1)^10(5)^6/max.9	2	2	2	0	1	0	0.00
carat/tables/qcatalog/dim4/dir.4-3/ordnung.120/(1)^10(5)^6/group.200	2	4	4	0	1	0	0.00
carat/tables/qcatalog/dim4/dir.4-1/ordnung.384/(1)^4(2)^12/group.164	3	8	8	0	1	0	0.02
carat/tables/qcatalog/dim4/dir.4-3/ordnung.40/(1)^4(5)^12/group.202	2	2	2	0	1	0	0.00
carat/tables/qcatalog/dim4/dir.4-2/ordnung.72/(1)^6(3)^8(9)^2/group.197	4	6	6	0	1	0	0.01
carat/tables/qcatalog/dim4/dir.4-2/ordnung.36/(1)^4(3)^8(9)^4/min.53	4	6	6	0	1	0	0.01
carat/tables/qcatalog/dim4/dir.4-3/ordnung.20/(1)^4(5)^12/min.55	4	4	4	0	1	0	0.01
