4-2s2-2__min.624__X11	.051	2	rc=0
4-2s2-1__group.6497__X001	.055	4	rc=0
4-2s1c1__group.5927__C	.057	2	rc=0
2-2s2-2s2-1__group.3356__X0110	.070	4	rc=0
4-1s2-1__group.5104__X101	.084	24	rc=0
4-2s2-2__group.6822__T	.087	2	rc=0
4-1s2-1__group.5030__T	.090	2	rc=0
4-1s2-1__group.5095__T	.113	27	rc=0
4-2s2-2__group.6757__C	.044	2	rc=0
2-2s2-2s2-1__group.3254__X011	.162	14	rc=0
2-2s2-2s1c1__group.2707__T	.175	6	rc=0
4-2s1s1__group.6077__X101	.194	20	rc=0
4-2s2-2__group.7037__T	.051	2	rc=0
4-1s2-1__group.4961__X00011	.259	38	rc=0
3s2-2s1__group.4218__X001	.169	24	rc=0
4-2s2-2__group.7017__X01	.097	3	rc=0
2-2s2-2s2-1__group.3310__C	.085	8	rc=0
4-1s2-2__group.5358__X10	.063	1	rc=0
4-2s1s1__group.6255__X10	.261	54	rc=0
4-1s2-2__group.5413__X011	.263	14	rc=0
2-1s2-1s1s1__group.1340__X001110	.103	57	rc=0
4-2s2-2__group.7040__T	.034	1	rc=0
3s2-1s1__group.3889__C	.110	58	rc=0
2-2s2-2s2-1__group.3493__X10	.351	28	rc=0
2-2s2-1s2-1__group.2534__X11011	.303	32	rc=0
4-2s1s1__group.6074__T	.154	20	rc=0
2-2s2-1s2-1__group.2515__X0111	.482	48	rc=0
2-2s2-2s2-1__group.3436__X10001	.179	8	rc=0
2-2c2-2s2-2__group.1667__X0010	.071	2	rc=0
3s1c1s1__group.3789__X11	.555	32	rc=0
2-2s2-1s2-1__group.2537__T	.180	24	rc=0
4-2s2-1__group.6503__T	.035	2	rc=0
4-1s2-2__group.5752__C	.188	8	rc=0
2-2s2-2s1s1__group.2912__X111	.101	20	rc=0
2-2s2-1s1c1__group.1986__X101	.144	15	rc=0
2-2s2-2s2-1__group.3342__X1100	.286	16	rc=0
3s2-1s1__group.3903__X011	.250	154	rc=0
2-2s2-2s2-1__group.3179__X001	.041	4	rc=0
2-2s2-1s1c1__group.1943__X01	.126	14	rc=0
2-2s2-2s2-1__group.3486__C	.063	4	rc=0
4-2s2-2__min.624__X01	.137	6	rc=0
2-2s1c1s1s1__group.1793__X1001	.299	54	rc=0
3s2-2s1__group.4207__X111	.188	42	rc=0
2-2s2-2s1s1__group.2932__X11001	.066	4	rc=0
6-1__group.7449__T	.086	9	rc=0
2-2s2-1s2-1__group.2699__X1001	.204	32	rc=0
4-1s2-1__group.5150__X010	.044	2	rc=0
2-2c2-2s2-2__group.1675__X01	.306	11	rc=0
4-2s2-1__group.6406__X001	.042	2	rc=0
2-2s2-2s2-1__group.3255__C	.463	20	rc=0
4-1s2-1__group.5214__X0111	.254	53	rc=0
4-1s1s1__group.4666__X010	.566	28	rc=0
4-2s2-2__group.7063__X0101	.136	6	rc=0
4-1s2-2__group.5587__C	.367	16	rc=0
2-2s2-2s2-1__group.3186__X100	.153	32	rc=0
4-1s2-1__group.4968__X01100	.116	25	rc=0
4-2s2-2__group.6698__X001	.160	4	rc=0
4-2s2-2__group.7038__C	.100	4	rc=0
4-1s2-2__group.5477__X001	.096	4	rc=0
4-1s2-2__group.5784__X001	.080	4	rc=0
2-2s2-2s2-1__group.3317__X0011	.161	10	rc=0
3s2-1s1__group.3918__X111	.360	33	rc=0
4-2s1s1__group.6086__X110	.229	24	rc=0
4-2s2-2__group.7064__X011	.051	2	rc=0
4-1s1s1__group.4917__X100	.309	5	rc=0
4-1s2-1__group.5099__X1100	.098	24	rc=0
2-2s2-1s2-1__group.2461__X1100	.073	12	rc=0
2-2s2-2s1s1__group.2855__X0010	.226	18	rc=0
2-2s2-2s1c1__group.2776__X001	.170	16	rc=0
4-1s2-2__group.5634__C	.109	4	rc=0
4-1s2-2__group.5579__X111	.064	4	rc=0
4-2s2-2__group.6752__T	.035	1	rc=0
2-2s2-2s2-2__group.3594__C	.055	1	rc=0
4-2s2-1__group.6448__T	.038	2	rc=0
4-2s2-1__group.6537__X1010	.216	16	rc=0
2-2s2-1s2-1__group.2455__X0001	.165	24	rc=0
2-1s1c1s1c1__group.1132__X0101	.258	48	rc=0
2-1s2-1s1c1__group.1307__X0110	.338	149	rc=0
4-2s2-2__group.6802__X10	.166	14	rc=0
2-2s2-2s2-1__group.3380__X0011	.161	8	rc=0
4-3s2-1__group.7249__C	.061	4	rc=0
4-2s2-1__group.6406__X100	.031	2	rc=0
4-2s2-2__group.6962__X001	.033	1	rc=0
4-2s2-2__group.6823__X0110	.230	4	rc=0
4-1s1s1__group.4618__X1000	.256	55	rc=0
4-1s2-1__group.5182__T	.232	51	rc=0
4-1s2-1__min.507__X01	.161	18	rc=0
3s2-1s1__group.3907__X111	.288	142	rc=0
2-2s2-2s2-2__group.3630__X011	.840	15	rc=0
2-2s2-1s1c1__group.2026__C	.092	7	rc=0
2-2s2-2s2-1__group.3325__X0010	.069	4	rc=0
4-1s2-1__group.4937__X100	.235	30	rc=0
4-2s2-1__group.6421__X100	.166	16	rc=0
2-2s2-1s2-1__group.2592__X100	.176	27	rc=0
2-2s2-2s2-2__group.3601__X011	.232	7	rc=0
6-1__min.656__T	1.694	8	rc=0
4-1s2-1__group.5166__C	.041	2	rc=0
2-2s2-2s1c1__group.2703__C	.085	4	rc=0
3s2-2s1__group.4258__X110	.370	10	rc=0
2-2s2-2s2-1__group.3338__X0110	.071	4	rc=0
4-2s2-1__group.6398__X1100	.141	8	rc=0
4-2s2-2__group.6997__X01	.058	2	rc=0
2-2s2-1s1s1__group.2130__X101	.119	41	rc=0
2-2s2-2s1s1__group.3162__X01001	.254	16	rc=0
4-1s2-1__group.5186__X1010	.083	27	rc=0
4-3s2-1__group.7277__X010	.125	8	rc=0
4-1ps2-2__min.478__T	.061	6	rc=0
2-2s1c1c1c1__group.1691__T	1.297	2	rc=0
4-1s2-1__group.5081__X1001	.095	24	rc=0
4-2s1c1__group.5954__X001	.056	2	rc=0
4-1s2-1__group.4987__X110	.062	12	rc=0
4-1s2-2__group.5308__X01	.054	3	rc=0
3s2-2s1__group.4240__T	.082	14	rc=0
2-2s2-1s2-1__group.2572__X101	.109	22	rc=0
4-2s1s1__group.6018__X010	.050	6	rc=0
4-1s2-2__group.5707__X0010	.292	3	rc=0
4-1s2-1__min.508__C	.061	16	rc=0
4-1s2-2__group.5440__X100	.124	8	rc=0
2-2s2-2s2-2__group.3565__X0011	.636	2	rc=0
4-2s2-1__group.6471__X101	.078	8	rc=0
2-1s2-1s2-1__group.1540__C	.045	19	rc=0
4-3s2-1__group.7275__C	.144	8	rc=0
4-2s2-2__group.7004__X01	.056	2	rc=0
4-1s2-2__group.5312__X001	.050	1	rc=0
3s1c1s1__group.3794__C	.305	101	rc=0
2-1s2-1s1s1__group.1316__C	.259	210	rc=0
2-2s2-2s2-2__group.3687__X1011	.091	2	rc=0
2-1s2-1s2-1__group.1515__X1110	.170	94	rc=0
4-1s2-1__group.5136__X101	.313	30	rc=0
2-2s2-2s2-1__group.3370__X1101	.489	16	rc=0
4-2s2-2__group.7066__X010	.049	2	rc=0
4-1s2-2__group.5790__C	.079	4	rc=0
2-2s2-1s1s1__group.2372__X1011	.295	76	rc=0
3s2-2s1__group.4138__X010	.182	28	rc=0
4-2s2-2__group.6720__T	.069	3	rc=0
2-2s2-2s2-2__group.3662__T	.049	2	rc=0
3s2-2s1__group.4080__C	.079	14	rc=0
4-1s2-2__group.5667__C	.384	14	rc=0
2-2s2-1s2-1__group.2617__T	.144	24	rc=0
2-2s2-1s2-1__group.2590__X010	.175	27	rc=0
6-3p__group.7634__T	.111	3	rc=0
4-1s2-1__group.5277__T	.085	17	rc=0
4-1s2-2__group.5581__X100	.125	12	rc=0
4-2s1c1__group.5921__T	.159	6	rc=0
2-2s2-1s2-1__group.2642__X010	.430	54	rc=0
2-2s2-1s2-1__group.2478__X1010	.142	30	rc=0
4-1s1c1__group.4451__C	.114	4	rc=0
4-1s2-1__group.5098__X010	.089	24	rc=0
4-1s2-2__group.5847__X111	.738	8	rc=0
2-2s2-1s1c1__group.1961__T	.128	15	rc=0
2-2s2-1s1s1__group.2334__X0111	.341	114	rc=0
3s2-1s1__group.3897__X101	.101	50	rc=0
2-2s2-2s2-2__group.3762__X00111	1.066	8	rc=0
4-2s2-1__group.6421__X110	.174	16	rc=0
4-1s2-2__group.5831__X1001	.073	4	rc=0
2-2s2-1s2-1__group.2690__X1110	.103	22	rc=0
4-2s2-2__group.7014__X001	.099	3	rc=0
2-1s2-1s2-1__group.1543__C	.041	12	rc=0
2-2s2-2s2-2__group.3767__X00110	.441	6	rc=0
4-1s2-1__group.5036__X010	.068	2	rc=0
2-2s2-1s1s1__group.2193__X101	.410	156	rc=0
2-2s2-1s2-1__group.2696__T	.152	27	rc=0
2-2s2-2s2-1__group.3292__X111	.093	6	rc=0
2-1s2-1s1c1__group.1298__X0101	.169	75	rc=0
2-2s2-1pc2-1p__group.1906__T	.081	2	rc=0
2-1s2-1s1s1__group.1390__X101	.203	171	rc=0
2-2s2-2s2-1__group.3423__C	.490	16	rc=0
2-2s1c1s1s1__group.1795__T	.138	27	rc=0
4-1s2-2__group.5448__X101	.208	8	rc=0
2-2s2-2s2-1__group.3303__X001	.398	16	rc=0
4-1s2-1__group.5163__X111	.054	4	rc=0
3s2-2s1__group.4169__X111	.088	14	rc=0
3s2-2s1__group.4106__X01	.434	18	rc=0
4-1s2-2__group.5473__X1011	.276	8	rc=0
4-1s2-1__group.4992__X010	.834	71	rc=0
2-2s2-1s2-1__group.2456__X1100	.149	24	rc=0
4-1s2-2__group.5837__C	.151	7	rc=0
2-1c2-1s2-1__min.216__T	.208	99	rc=0
4-1s2-1__group.5163__T	.061	4	rc=0
4-3s1c1__group.7191__X010	.165	4	rc=0
2-2s2-2s2-1__group.3438__X01001	.176	8	rc=0
4-2s2-1__group.6434__T	.085	8	rc=0
2-2s2-2s2-2__group.3691__X0100	.454	16	rc=0
4-1s2-1__group.4957__X0100	.345	27	rc=0
3s2-1s1__group.3927__X010	.206	116	rc=0
4-3s1s1__group.7199__X11	.087	20	rc=0
4-1s2-2__group.5758__X0001	.063	4	rc=0
2-2s2-1s2-1__group.2567__C	.071	16	rc=0
4-2s2-1__group.6532__X0001	.067	6	rc=0
2-2s2-2s1s1__group.2930__C	3.615	40	rc=0
2-2s2-2s2-1__group.3438__X00110	.176	8	rc=0
4-1s2-2__group.5668__X001	1.024	20	rc=0
4-2s2-2__group.6936__T	.097	6	rc=0
3s3__group.4346__X010	.144	40	rc=0
2-2s2-1s1s1__group.2271__C	.167	55	rc=0
5-1s1__group.7376__T	.095	17	rc=0
6-2__group.7617__X101	.038	1	rc=0
4-2s2-1__group.6609__C	.057	4	rc=0
2-2s2-1s1s1__group.2150__X010	.154	78	rc=0
4-2s2-1__group.6459__X0100	.047	4	rc=0
2-2s2-1s2-1__group.2598__X111	.150	24	rc=0
2-2s2-2s2-2__group.3635__X100	.265	11	rc=0
4-1s2-1__min.515__T	.077	12	rc=0
3s2-1s1__group.3965__X0111	.197	93	rc=0
3s2-2s1__group.4226__T	.203	28	rc=0
4-1s2-2__group.5569__C	.052	2	rc=0
4-1ps2-2__group.4449__C	.063	4	rc=0
4-1s2-1__group.5063__X100	.090	24	rc=0
2-2s2-1s1c1__group.2003__X101	.186	14	rc=0
3s2-2s1__group.4111__T	.182	34	rc=0
2-2s2-2s2-2__group.3600__X001	.221	5	rc=0
2-2s2-2s2-2__group.3584__X101	.232	6	rc=0
3s3__group.4359__C	.115	21	rc=0
4-1s2-1__group.5216__X0011	.236	50	rc=0
4-2s2-1__group.6399__C	.076	4	rc=0
2-2s2-1s2-1__group.2537__X10011	.462	48	rc=0
2-1s2-1s1s1__group.1365__C	.320	264	rc=0
4-1s2-1__group.5006__X001	.061	12	rc=0
4-1s2-2__group.5506__X111	.192	15	rc=0
4-2s2-1__group.6345__X100	.067	4	rc=0
2-2s2-2s2-2__group.3651__X00011	1.224	8	rc=0
4-2s2-1__group.6417__C	.202	16	rc=0
4-2s1c1__min.567__T	.218	16	rc=0
4-1s2-2__group.5480__X100	1.412	28	rc=0
6-1__group.7470__C	1.325	14	rc=0
2-1s2-1s2-1__group.1554__X001	.096	30	rc=0
4-2s2-1__group.6614__C	.155	8	rc=0
4-2s2-2__group.6690__X011	.077	2	rc=0
4-1s2-2__group.5780__X1000	.370	10	rc=0
3s3__group.4359__X0011	.192	33	rc=0
2-2s2-2s2-1__group.3323__C	.045	2	rc=0
4-2s2-2__group.6656__X100	.067	2	rc=0
3s2-2s1__group.4314__T	.166	10	rc=0
4-3ps2-1__group.7138__C	.062	4	rc=0
4-1s2-1__group.5128__X010	.613	33	rc=0
2-2s2-1s1s1__group.2337__X1110	.418	156	rc=0
5-1s1__group.7344__C	.130	17	rc=0
3s1c1s1__group.3805__X11	.309	101	rc=0
2-2s2-2s2-2__group.3566__X010011	.074	1	rc=0
4-2s2-1__group.6413__X011	.124	12	rc=0
4-2s1s1__group.6204__X001	.138	10	rc=0
4-1s1s1__group.4903__C	.062	4	rc=0
2-2s2-2s1c1__group.2716__X1000	.390	8	rc=0
4-2s1s1__group.6029__X0001	.178	25	rc=0
4-1s2-2__group.5712__X110	.048	1	rc=0
4-2s2-2__group.7012__X01	.085	3	rc=0
4-1s1c1__group.4545__C	.108	18	rc=0
4-2s2-1__group.6525__C	.141	12	rc=0
4-1ps2-2__group.4434__X01	.066	4	rc=0
2-2s2-2s2-2__group.3617__T	.100	3	rc=0
4-1s2-1__group.5137__T	.213	27	rc=0
2-2s2-1s2-1__group.2638__X001	.168	30	rc=0
2-2s2-2s1c1__group.2777__X010	.418	14	rc=0
4-2s2-2__group.7014__X101	.118	2	rc=0
4-1s2-2__group.5593__X111	.141	8	rc=0
4-1ps1c1__group.4403__C	.067	7	rc=0
2-2s2-2s2-1__group.3258__X101	.439	20	rc=0
2-2s2-2s1s1__group.3004__C	.237	25	rc=0
2-1s2-1s2-1__group.1546__X01011	.099	52	rc=0
4-2s2-2__group.6725__X100	.049	4	rc=0
2-2s2-2s2-2__group.3746__X101	.808	8	rc=0
6-2__group.7573__X10	.070	1	rc=0
4-2s2-2__group.7026__X111	.095	4	rc=0
4-1s2-1__group.4990__X010	.770	68	rc=0
4-1s2-2__group.5492__X100	.085	12	rc=0
3s2-2s1__group.4228__T	.182	28	rc=0
4-1s2-2__group.5585__X110	.128	12	rc=0
4-1s2-2__group.5309__X11	.075	5	rc=0
4-1s2-1__group.4970__X101	.141	24	rc=0
4-3s2-1__group.7273__X100	.121	8	rc=0
4-1ps1c1__group.4404__C	.081	7	rc=0
2-2s2-1s1c1__group.1999__X101	.344	28	rc=0
4-2s1c1__group.5931__X101	.071	2	rc=0
4-1s2-1__group.5286__C	.046	2	rc=0
4-1s2-1__group.4938__X011	.847	68	rc=0
2-2s2-2s2-1__group.3195__X010	.169	22	rc=0
4-1ps2-2__group.4447__X011	.139	8	rc=0
2-1s2-1s2-1__group.1577__X001	.047	26	rc=0
4-1s2-2__group.5421__X111	.185	8	rc=0
2-2s2-2s2-2__group.3566__X000001	.050	1	rc=0
3s2-1s1__group.3987__X11111	.098	43	rc=0
2-2s2-2s2-1__group.3192__X111	.113	8	rc=0
4-3ps1s1__group.7117__X111	.058	5	rc=0
4-2s2-1__group.6541__X100	.120	8	rc=0
4-2s1c1__group.5943__X10	.148	1	rc=0
4-1s2-1__group.5103__X100	.179	48	rc=0
2-1s2-1s1c1__group.1279__X001	.259	14	rc=0
2-2s2-2s2-1__group.3294__X001	.138	12	rc=0
4-2s2-1__group.6407__X10	.042	4	rc=0
4-1s2-1__group.5219__C	.288	53	rc=0
4-1s2-1__group.5218__X010	.128	30	rc=0
4-1s1s1__group.4878__X111	.524	58	rc=0
4-1s2-1__group.5233__X0100	.918	138	rc=0
6-2__group.7567__X01	3.023	4	rc=0
2-2c2-2s1c1__group.1636__X01	1.695	6	rc=0
6-2__group.7560__X01	5.258	8	rc=0
2-2s2-2s2-2__group.3673__C	2.356	12	rc=0
2-1s1c1c1s1__group.1125__X11	3.969	26	rc=0
2-2s1c1c1c1__group.1696__T	14.368	8	rc=0
1c1c1c1s1s1__group.1046__X011	66.485	28	rc=0
