carat/tables/qcatalog/dim4/dir.1,1,1,1/ordnung.1/(4)^1/min.15	1	31539d95c7601bfa485dfde7c6b85ed0	1	1
carat/tables/qcatalog/dim4/dir.1,1,1,1/ordnung.2/(4)^1/group.26	2	0f25dca814ff73a93426566c7964c23f	1	2
carat/tables/qcatalog/dim4/dir.1,1,1;1/ordnung.2/(2)^1(6)^1/min.16	2	34c0c5a5686400ff8584a5594a0b7f41	1	2
carat/tables/qcatalog/dim4/dir.1,1,1;1/ordnung.2/(2)^1(6)^1/min.17	2	40ecccccb34c7fb3750a7ab3d7df2bf5	1	2
carat/tables/qcatalog/dim4/dir.1,1,1;1/ordnung.4/(2)^1(6)^1/group.27	4	0023ffe4886dbc88eddbbb4d5edd4532	1	4
carat/tables/qcatalog/dim4/dir.1,1;1,1/ordnung.2/(4)^2/min.18	2	a0eb555b2aafd22db553e33344044643	1	2
carat/tables/qcatalog/dim4/dir.1,1;1,1/ordnung.4/(4)^2/group.28	4	736060ad228fcd62621f93ec6dae53c0	1	4
carat/tables/qcatalog/dim4/dir.1,1;1;1/ordnung.4/(2)^2(8)^1/min.19	4	d68d8f0a173b6c20f6c53e480efa174a	1	4
carat/tables/qcatalog/dim4/dir.1,1;1;1/ordnung.4/(2)^2(8)^1/min.20	4	97ffd4c7486609205f6e442808fce32a	1	4
carat/tables/qcatalog/dim4/dir.1,1;1;1/ordnung.4/(2)^2(8)^1/min.21	4	c1093253f5cf7ff8801adffaac2f66b2	1	4
carat/tables/qcatalog/dim4/dir.1,1;1;1/ordnung.8/(2)^2(8)^1/group.29	8	757a9d5214e080ecd512c448609a85fe	1	8
carat/tables/qcatalog/dim4/dir.1;1;1;1/ordnung.16/(2)^2(4)^2/group.30	16	20f057967bfa402f827c673360b91465	1	16
carat/tables/qcatalog/dim4/dir.1;1;1;1/ordnung.4/(4)^4/min.22	4	7199681411b8d1d244c64d3b5a0b0850	1	4
carat/tables/qcatalog/dim4/dir.1;1;1;1/ordnung.8/(2)^2(4)^2/group.31	8	e7838f2e94b5b3a667d7199b92850cfc	1	8
carat/tables/qcatalog/dim4/dir.1;1;1;1/ordnung.8/(2)^2(4)^2/group.32	8	f16edc090977c356cdc765ca2bcc5a4c	1	8
carat/tables/qcatalog/dim4/dir.1;1;1;1/ordnung.8/(4)^4/group.33	8	6c9db8e567b387ce4c5bce5263cfcac4	1	8
carat/tables/qcatalog/dim4/dir.2-1',2-1'/ordnung.4/(4)^2/min.23	4	b8df92bd33c01a22286d28cedf3ff318	0	4
carat/tables/qcatalog/dim4/dir.2-1,2-1/ordnung.8/(4)^4/min.24	8	eade2f6505679c38e6bf0a40f5363656	0	5
carat/tables/qcatalog/dim4/dir.2-1;1,1/ordnung.16/(2)^4(8)^1/group.34	16	e4761e6023b3e841aade1e94932de9f3	1	10
carat/tables/qcatalog/dim4/dir.2-1;1,1/ordnung.4/(2)^2(8)^1/min.25	4	96f82fa622a806801a73145d9c38921a	1	4
carat/tables/qcatalog/dim4/dir.2-1;1,1/ordnung.4/(2)^2(8)^1/min.26	4	50b74457e97e1988e6dd5bdbcf2fe2e2	1	4
carat/tables/qcatalog/dim4/dir.2-1;1,1/ordnung.8/(2)^2(8)^1/group.35	8	5bb3c6c9601c9aac257ce260bfb43066	1	8
carat/tables/qcatalog/dim4/dir.2-1;1,1/ordnung.8/(2)^4(8)^1/group.36	8	d037d840b896cffa7e73b45b226cb7c4	1	5
carat/tables/qcatalog/dim4/dir.2-1;1,1/ordnung.8/(2)^4(8)^1/group.37	8	5afa6d3449b684fa3daed1aff5d0e6a4	1	5
carat/tables/qcatalog/dim4/dir.2-1;1,1/ordnung.8/(2)^4(8)^1/group.38	8	ece5541304811ecae0ae549be6bbd00c	1	5
carat/tables/qcatalog/dim4/dir.2-1;1;1/ordnung.16/(2)^2(4)^2/group.39	16	91d5efcd047ec00fb9d7e42e55fadb7d	1	16
carat/tables/qcatalog/dim4/dir.2-1;1;1/ordnung.16/(2)^4(4)^2/group.40	16	6cf61f44b60c7db329f2dbe1c2ef9979	1	10
carat/tables/qcatalog/dim4/dir.2-1;1;1/ordnung.16/(2)^4(4)^2/group.41	16	ad4328c1b4892c3f8cd924c67f8acefd	1	10
carat/tables/qcatalog/dim4/dir.2-1;1;1/ordnung.16/(2)^4(4)^2/group.42	16	fe9bb44194bb7123d8c0c1cf88d361d9	1	10
carat/tables/qcatalog/dim4/dir.2-1;1;1/ordnung.16/(2)^4(8)^2/group.43	16	bd1592ce056b18136b3d0b98eaadb699	1	10
carat/tables/qcatalog/dim4/dir.2-1;1;1/ordnung.16/(2)^4(8)^2/group.44	16	9759cfce85c2a30fc725b6ee33127ead	1	10
carat/tables/qcatalog/dim4/dir.2-1;1;1/ordnung.32/(2)^4(4)^2/group.45	32	9e8755a151f59da96bb0e6f7436b447b	1	20
carat/tables/qcatalog/dim4/dir.2-1;1;1/ordnung.4/(4)^4/min.27	4	293c7500cd2fa7ea263815388e04afe8	1	4
carat/tables/qcatalog/dim4/dir.2-1;1;1/ordnung.8/(2)^2(4)^2/group.46	8	1680c2012a49d77e9590f37d3595d8cc	1	8
carat/tables/qcatalog/dim4/dir.2-1;1;1/ordnung.8/(2)^2(4)^2/group.47	8	dffdc4202091bd46396d26bbbe25f374	1	8
carat/tables/qcatalog/dim4/dir.2-1;1;1/ordnung.8/(2)^4(8)^2/group.48	8	d2bea7e136c3ad0c9c5abc1f4b7eef9a	1	5
carat/tables/qcatalog/dim4/dir.2-1;1;1/ordnung.8/(2)^4(8)^2/group.49	8	ed6858fa0cebaabc0cc8610201633c1a	1	5
carat/tables/qcatalog/dim4/dir.2-1;1;1/ordnung.8/(2)^4(8)^2/min.28	8	ad65b9f5614fdaf822627766b9d3047e	1	5
carat/tables/qcatalog/dim4/dir.2-1;1;1/ordnung.8/(2)^4(8)^2/min.29	8	c156228a66f781ace79a48aa0e92e56a	1	5
carat/tables/qcatalog/dim4/dir.2-1;1;1/ordnung.8/(4)^4/group.50	8	969777bfd25db2de93a70645186198bc	1	8
carat/tables/qcatalog/dim4/dir.2-1;2-1/ordnung.16/(2)^2(4)^2/group.51	16	d783f5b9e81191e7033b80854bc5174d	0	16
carat/tables/qcatalog/dim4/dir.2-1;2-1/ordnung.16/(2)^4(8)^2/group.52	16	9db4e0495eecfabf5868b595970afc75	0	10
carat/tables/qcatalog/dim4/dir.2-1;2-1/ordnung.16/(2)^4(8)^2/min.30	16	0fd97f97268f94271cd346af904cc95d	0	10
carat/tables/qcatalog/dim4/dir.2-1;2-1/ordnung.16/(4)^8/group.53	16	c7da3d2424485313cf1f7188f9673b51	0	10
carat/tables/qcatalog/dim4/dir.2-1;2-1/ordnung.16/(4)^8/min.31	16	9108865fa857e7a76dabf5fb3549275d	0	10
carat/tables/qcatalog/dim4/dir.2-1;2-1/ordnung.32/(2)^4(4)^2/group.54	32	6c15823bbb7ae4a9cab5a5bb6a844fd3	0	20
carat/tables/qcatalog/dim4/dir.2-1;2-1/ordnung.32/(2)^4(4)^4/group.55	32	01c3a21c24e9dbd17063b59ccdf160db	0	14
carat/tables/qcatalog/dim4/dir.2-1;2-1/ordnung.32/(2)^4(4)^4/group.56	32	5123b15156bbdae483e68ee1aae2956a	0	14
carat/tables/qcatalog/dim4/dir.2-1;2-1/ordnung.32/(2)^4(4)^4/group.57	32	d8a2662e5988117519006602f23d8087	0	14
carat/tables/qcatalog/dim4/dir.2-1;2-1/ordnung.64/(2)^6(4)^2/group.58	64	9371e4907829ca98e61dd3f78c6c9206	0	25
carat/tables/qcatalog/dim4/dir.2-1;2-1/ordnung.8/(4)^4/min.32	8	28d1ff213da41dc6e73bbed98fbbc1ac	0	8
carat/tables/qcatalog/dim4/dir.2-2',2-2'/ordnung.3/(2)^1(6)^1/min.33	3	a35c4d652139fde859ec3fe5ecabb002	0	3
carat/tables/qcatalog/dim4/dir.2-2',2-2'/ordnung.6/(2)^1(6)^1/group.59	6	2543934516ff53593f2cec5c3e4ab4f7	0	6
carat/tables/qcatalog/dim4/dir.2-2,2-2/ordnung.12/(2)^2(6)^2/group.60	12	a05c58bc07d16ea5d1b1913f473e8817	0	6
carat/tables/qcatalog/dim4/dir.2-2,2-2/ordnung.6/(2)^2(6)^2/min.34	6	1d06e1e966378706c3f307bfcaba2730	0	3
carat/tables/qcatalog/dim4/dir.2-2;1,1/ordnung.12/(1)^1(3)^3(6)^1/group.61	12	a35cb8c8aca8da3f50a9441011123365	1	6
carat/tables/qcatalog/dim4/dir.2-2;1,1/ordnung.12/(1)^2(6)^1/group.62	12	44f6568b8f3abb99dbe7c05a30f51b8b	1	12
carat/tables/qcatalog/dim4/dir.2-2;1,1/ordnung.12/(1)^3(3)^1(6)^1/group.63	12	707a6f9dd523ade16e6304608a3b85f3	1	6
carat/tables/qcatalog/dim4/dir.2-2;1,1/ordnung.12/(1)^3(3)^1(6)^1/group.64	12	e5cd310bafb7872117ebe1fec230ad13	1	6
carat/tables/qcatalog/dim4/dir.2-2;1,1/ordnung.12/(1)^3(3)^1(6)^1/group.65	12	7cf8fee729dec73e9ce68955c82baf5c	1	6
carat/tables/qcatalog/dim4/dir.2-2;1,1/ordnung.24/(1)^3(3)^1(6)^1/group.66	24	eaf79c8719976175803962b514a3cfef	1	12
carat/tables/qcatalog/dim4/dir.2-2;1,1/ordnung.3/(1)^1(3)^1(18)^1/min.35	3	f12652e6884b99a6dbab010c4c5aa984	1	3
carat/tables/qcatalog/dim4/dir.2-2;1,1/ordnung.6/(1)^1(3)^1(18)^1/group.67	6	a6158c9e1ad9c5e74a43ac50321cdc79	1	6
carat/tables/qcatalog/dim4/dir.2-2;1,1/ordnung.6/(1)^1(3)^3(6)^1/group.68	6	3a10b6fdc1c5e6a0aff89ab86579b01e	1	3
carat/tables/qcatalog/dim4/dir.2-2;1,1/ordnung.6/(1)^1(3)^3(6)^1/group.69	6	732596c47de48ffcf9e305eeb584af9a	1	3
carat/tables/qcatalog/dim4/dir.2-2;1,1/ordnung.6/(1)^2(6)^1/group.70	6	c5af9203430ddd73152b07b43cd07b95	1	6
carat/tables/qcatalog/dim4/dir.2-2;1,1/ordnung.6/(1)^2(6)^1/group.71	6	7a526b8e218dbaf793316334818933f9	1	6
carat/tables/qcatalog/dim4/dir.2-2;1;1/ordnung.12/(1)^1(3)^1(6)^2/group.72	12	06958fb63ae94ec3bb80947b3573f139	1	12
carat/tables/qcatalog/dim4/dir.2-2;1;1/ordnung.12/(1)^2(2)^1(6)^1/group.73	12	3c2f733b999898d38a345878bec575d1	1	12
carat/tables/qcatalog/dim4/dir.2-2;1;1/ordnung.12/(1)^2(2)^1(6)^1/group.74	12	34a9999e637de16b5bd6344fd257ff09	1	12
carat/tables/qcatalog/dim4/dir.2-2;1;1/ordnung.12/(1)^2(2)^1(6)^1/group.75	12	6552c89562310c5321ba17214a8cc851	1	12
carat/tables/qcatalog/dim4/dir.2-2;1;1/ordnung.12/(1)^2(3)^2(18)^2/group.76	12	5b7b756719e2166967f26e648ae0cf23	1	6
carat/tables/qcatalog/dim4/dir.2-2;1;1/ordnung.12/(1)^3(3)^1(6)^1(18)^1/group.77	12	2434c7426b37e4940be4e52730d4aabe	1	6
carat/tables/qcatalog/dim4/dir.2-2;1;1/ordnung.12/(1)^3(3)^1(6)^1(18)^1/group.78	12	56a06465f96416c41e178258beedf07e	1	6
carat/tables/qcatalog/dim4/dir.2-2;1;1/ordnung.12/(1)^3(3)^1(6)^1(18)^1/group.79	12	70487cab81f09fda6badc492989ef7cc	1	6
carat/tables/qcatalog/dim4/dir.2-2;1;1/ordnung.12/(1)^3(3)^1(6)^1(18)^1/group.80	12	ace93b9c9f0a50da0fbfea080d1c4ffc	1	6
carat/tables/qcatalog/dim4/dir.2-2;1;1/ordnung.12/(1)^4(6)^2/group.81	12	e37b4279522427d36e7ab6c361aa1fa9	1	6
carat/tables/qcatalog/dim4/dir.2-2;1;1/ordnung.12/(1)^4(6)^2/group.82	12	6428b842c94686d0547f22048e8cccc2	1	6
carat/tables/qcatalog/dim4/dir.2-2;1;1/ordnung.24/(1)^2(2)^1(6)^1/group.83	24	ca984cea21fc3efe5f0381ee6e91d914	1	24
carat/tables/qcatalog/dim4/dir.2-2;1;1/ordnung.24/(1)^3(3)^1(6)^1(18)^1/group.84	24	f263588d4be1f4402050f4a162338e5a	1	12
carat/tables/qcatalog/dim4/dir.2-2;1;1/ordnung.24/(1)^4(6)^2/group.85	24	d6ad4c0d8b8b3385133a85fe3243a6a7	1	12
carat/tables/qcatalog/dim4/dir.2-2;1;1/ordnung.24/(1)^4(6)^2/group.86	24	798181adef5a0a19b039255c7475a3ab	1	12
carat/tables/qcatalog/dim4/dir.2-2;1;1/ordnung.24/(1)^4(6)^2/group.87	24	9bf5a6dfcd243bf8ed69a5694ab5b556	1	12
carat/tables/qcatalog/dim4/dir.2-2;1;1/ordnung.24/(1)^4(6)^2/group.88	24	61df3d29e03f8c28d8ff2a222c8f74c6	1	12
carat/tables/qcatalog/dim4/dir.2-2;1;1/ordnung.24/(1)^4(6)^2/group.89	24	ee22e02469d13f77d0ce9d82d8a56fa5	1	12
carat/tables/qcatalog/dim4/dir.2-2;1;1/ordnung.48/(1)^4(6)^2/group.90	48	35d553eafaa24739b569e73abdd9e343	1	24
carat/tables/qcatalog/dim4/dir.2-2;1;1/ordnung.6/(1)^1(3)^1(6)^2/min.36	6	c3159e12deb90ad5f7a909b1a44db5e3	1	6
carat/tables/qcatalog/dim4/dir.2-2;1;1/ordnung.6/(1)^1(3)^1(6)^2/min.37	6	94c7ed8b26e555b5c4927f58d500bc83	1	6
carat/tables/qcatalog/dim4/dir.2-2;1;1/ordnung.6/(1)^2(3)^2(18)^2/min.38	6	8d5091e76f86169eb794e8cbc08c5b70	1	3
carat/tables/qcatalog/dim4/dir.2-2;2-1/ordnung.12/(1)^2(2)^1(6)^1/min.39	12	9900702f2435574330f04f7f7d77b431	0	12
carat/tables/qcatalog/dim4/dir.2-2;2-1/ordnung.12/(1)^2(2)^1(6)^1/min.40	12	c9f39ae95faf50d34bb2b5cf18fcd871	0	12
carat/tables/qcatalog/dim4/dir.2-2;2-1/ordnung.12/(1)^4(6)^2/min.41	12	2dedacb81cb5a3106e3efd4eb07f24ba	0	6
carat/tables/qcatalog/dim4/dir.2-2;2-1/ordnung.24/(1)^2(2)^1(6)^1/group.91	24	279118437e32aa1e0d7ba830ba62309c	0	24
carat/tables/qcatalog/dim4/dir.2-2;2-1/ordnung.24/(1)^2(2)^3(6)^1/group.92	24	86e4582727c7a370983ea3b59e122a8e	0	15
carat/tables/qcatalog/dim4/dir.2-2;2-1/ordnung.24/(1)^2(2)^3(6)^1/group.93	24	30bebbfff811fffcb7bcb8c59c77bba2	0	15
carat/tables/qcatalog/dim4/dir.2-2;2-1/ordnung.24/(1)^2(2)^3(6)^1/group.94	24	4fcf4465c9fc648cc67003112bba4012	0	15
carat/tables/qcatalog/dim4/dir.2-2;2-1/ordnung.24/(1)^4(2)^2(6)^2/group.95	24	a1a9f3bd7cd976e33248caf928e4b5cd	0	9
carat/tables/qcatalog/dim4/dir.2-2;2-1/ordnung.24/(1)^4(2)^2(6)^2/group.96	24	75da6ef27eb05913d90fef2705ff3565	0	9
carat/tables/qcatalog/dim4/dir.2-2;2-1/ordnung.24/(1)^4(2)^2(6)^2/group.97	24	ebbc67791ab6e263258604a9ac48dfdd	0	9
carat/tables/qcatalog/dim4/dir.2-2;2-1/ordnung.24/(1)^4(2)^2(6)^2/group.98	24	9f64aef8aca94673964b8ea2101b1525	0	9
carat/tables/qcatalog/dim4/dir.2-2;2-1/ordnung.24/(1)^4(6)^2/group.100	24	8dbe350354c78ef7125a65e22875f3bd	0	12
carat/tables/qcatalog/dim4/dir.2-2;2-1/ordnung.24/(1)^4(6)^2/group.101	24	4081efe52b778dbfaf4d6749d0018069	0	12
carat/tables/qcatalog/dim4/dir.2-2;2-1/ordnung.24/(1)^4(6)^2/group.99	24	846b033b2e2e6c034804d3aa7335f995	0	12
carat/tables/qcatalog/dim4/dir.2-2;2-1/ordnung.48/(1)^2(2)^3(6)^1/group.102	48	85d3016ea3fe265cf205e6312256087e	0	30
carat/tables/qcatalog/dim4/dir.2-2;2-1/ordnung.48/(1)^4(2)^2(6)^2/group.103	48	04658a203c22438ef7a0201b4f3cb764	0	15
carat/tables/qcatalog/dim4/dir.2-2;2-1/ordnung.48/(1)^4(2)^2(6)^2/group.104	48	24beaf770b717ada47d439afff460770	0	15
carat/tables/qcatalog/dim4/dir.2-2;2-1/ordnung.48/(1)^4(2)^2(6)^2/group.105	48	f256357d71cbf56e6db889c9e72f449c	0	15
carat/tables/qcatalog/dim4/dir.2-2;2-1/ordnung.48/(1)^4(2)^2(6)^2/group.106	48	5d7fc75939dc2451ebf2ccb0a90444e3	0	18
carat/tables/qcatalog/dim4/dir.2-2;2-1/ordnung.48/(1)^4(2)^2(6)^2/group.107	48	cc993cd2b30a6465f6867cd380d94007	0	18
carat/tables/qcatalog/dim4/dir.2-2;2-1/ordnung.48/(1)^4(6)^2/group.108	48	6c845cab513e9685ebe6c2eb823a5a67	0	24
carat/tables/qcatalog/dim4/dir.2-2;2-1/ordnung.96/(1)^4(2)^2(6)^2/max.6	96	d40de1b6ac3831f2749e5bb89b61ab20	0	30
carat/tables/qcatalog/dim4/dir.2-2;2-2/ordnung.12/(2)^2(6)^2/group.109	12	a6c88b9a27761573a14449f041c43371	0	12
carat/tables/qcatalog/dim4/dir.2-2;2-2/ordnung.12/(2)^4(6)^4/group.110	12	84972bfd8faf7ece9359587090cf0738	0	6
carat/tables/qcatalog/dim4/dir.2-2;2-2/ordnung.144/(1)^4(3)^4/group.111	144	0aadb77a42f2ca07704d701dc50da611	0	36
carat/tables/qcatalog/dim4/dir.2-2;2-2/ordnung.18/(1)^1(3)^2(9)^1/group.112	18	310684ef95c1667cb56722b501ff3f4a	0	18
carat/tables/qcatalog/dim4/dir.2-2;2-2/ordnung.18/(1)^1(3)^5/group.113	18	993bf29d7da6688fb472f5c9a4c1c7a1	0	9
carat/tables/qcatalog/dim4/dir.2-2;2-2/ordnung.18/(1)^1(3)^5/group.114	18	b24ada35a80c6ae7bc87af7d55447959	0	9
carat/tables/qcatalog/dim4/dir.2-2;2-2/ordnung.18/(1)^2(3)^2/group.115	18	df025080fbea7e0c7c3c7c6cd62247ea	0	18
carat/tables/qcatalog/dim4/dir.2-2;2-2/ordnung.18/(1)^2(3)^4(9)^2/group.116	18	1f1fe9a227e284b4bfda69241f9a6222	0	6
carat/tables/qcatalog/dim4/dir.2-2;2-2/ordnung.24/(2)^4(6)^4/group.117	24	d38006358905de7c033bd8bfba872db6	0	12
carat/tables/qcatalog/dim4/dir.2-2;2-2/ordnung.36/(1)^1(3)^5/group.118	36	944d1a1952a37d1f176ae8bd6044ccad	0	18
carat/tables/qcatalog/dim4/dir.2-2;2-2/ordnung.36/(1)^2(3)^2/group.119	36	38633e06d91ab26d0f4ca98ce30955e7	0	36
carat/tables/qcatalog/dim4/dir.2-2;2-2/ordnung.36/(1)^2(3)^4(9)^2/group.120	36	496f68eec8e06e295656271be09089cb	0	12
carat/tables/qcatalog/dim4/dir.2-2;2-2/ordnung.36/(1)^3(3)^3/group.121	36	055a0134a0ba0511a4fba6f1ee82cabb	0	18
carat/tables/qcatalog/dim4/dir.2-2;2-2/ordnung.36/(1)^3(3)^3/group.122	36	d8ff4d89cd5d81a1d35cd028b045a83b	0	18
carat/tables/qcatalog/dim4/dir.2-2;2-2/ordnung.36/(1)^3(3)^3/group.123	36	f848126f55280052b48915181d9133e0	0	18
carat/tables/qcatalog/dim4/dir.2-2;2-2/ordnung.36/(1)^3(3)^4(9)^1/group.124	36	278a229986ec6b3ae38b4c50d929ce70	0	9
carat/tables/qcatalog/dim4/dir.2-2;2-2/ordnung.36/(1)^3(3)^4(9)^1/group.125	36	63f653815b12613c9b6580f470f40542	0	9
carat/tables/qcatalog/dim4/dir.2-2;2-2/ordnung.36/(1)^3(3)^4(9)^1/group.126	36	87e4becf8fce87de67d9e2f47869383c	0	9
carat/tables/qcatalog/dim4/dir.2-2;2-2/ordnung.36/(1)^4(3)^4/group.127	36	db764206bd344048cf560bb4f9a25996	0	12
carat/tables/qcatalog/dim4/dir.2-2;2-2/ordnung.6/(2)^2(6)^2/min.42	6	86c95a9dd23d8de106a92e7c9101a45f	0	6
carat/tables/qcatalog/dim4/dir.2-2;2-2/ordnung.72/(1)^3(3)^3/group.128	72	2d50592f5864a96e77f0739549d9b5e8	0	36
carat/tables/qcatalog/dim4/dir.2-2;2-2/ordnung.72/(1)^3(3)^4(9)^1/group.129	72	e50e44103c96b50bf87d00f7e66cbe49	0	18
carat/tables/qcatalog/dim4/dir.2-2;2-2/ordnung.72/(1)^4(3)^4/group.130	72	cb3e9ce62ee22691dc1e4e777323851b	0	24
carat/tables/qcatalog/dim4/dir.2-2;2-2/ordnung.72/(1)^4(3)^4/group.131	72	cd9f21dbdd1fbfd572b0fe298ed8f51f	0	18
carat/tables/qcatalog/dim4/dir.2-2;2-2/ordnung.72/(1)^4(3)^4/group.132	72	cfa661ad2cd1ac35e0ce287694286eff	0	18
carat/tables/qcatalog/dim4/dir.2-2;2-2/ordnung.9/(1)^1(3)^2(9)^1/min.43	9	44809d0ef360e7ae9bd3542b1f8a54ac	0	9
carat/tables/qcatalog/dim4/dir.3;1/ordnung.12/(1)^2(2)^1(4)^6(8)^1/min.44	12	d5f053376ee3eed3c9873aac36c8e279	1	4
carat/tables/qcatalog/dim4/dir.3;1/ordnung.24/(1)^2(2)^1(4)^6(8)^1/group.133	24	aea9703803c7630b8d22e0faaa32e519	1	8
carat/tables/qcatalog/dim4/dir.3;1/ordnung.24/(1)^2(2)^2(4)^6/group.134	24	b986b76fe74517fb132cea79f9abddf9	1	8
carat/tables/qcatalog/dim4/dir.3;1/ordnung.24/(1)^2(2)^2(4)^6/group.135	24	e209582df9f9e9b3dfe3af16705f2101	1	8
carat/tables/qcatalog/dim4/dir.3;1/ordnung.24/(1)^4(2)^1(4)^4(8)^1/group.136	24	9eed72fc4774567667d418f1818049f0	1	5
carat/tables/qcatalog/dim4/dir.3;1/ordnung.24/(1)^4(2)^1(4)^4(8)^1/group.137	24	eb3c00b80380f326051ab42e7200b3e8	1	5
carat/tables/qcatalog/dim4/dir.3;1/ordnung.24/(1)^4(2)^2(4)^4/group.138	24	aca42b2932757576323ed5d1be0a9710	1	5
carat/tables/qcatalog/dim4/dir.3;1/ordnung.24/(1)^4(2)^2(4)^4/group.139	24	c859c259a02ff226d22d58d69c814348	1	5
carat/tables/qcatalog/dim4/dir.3;1/ordnung.48/(1)^2(2)^2(4)^6/group.140	48	3410df2588972ae50e6d2c222552f13f	1	16
carat/tables/qcatalog/dim4/dir.3;1/ordnung.48/(1)^4(2)^1(4)^4(8)^1/group.141	48	d7b4408ea03c0ab3f189c5df69451451	1	10
carat/tables/qcatalog/dim4/dir.3;1/ordnung.48/(1)^4(2)^2(4)^4/group.142	48	29f54218ab4b0e784a9046c8a396c606	1	10
carat/tables/qcatalog/dim4/dir.3;1/ordnung.48/(1)^4(2)^2(4)^4/group.143	48	62801982b8c914b49e78aadde382261a	1	10
carat/tables/qcatalog/dim4/dir.3;1/ordnung.48/(1)^4(2)^2(4)^4/group.144	48	c1e6f80d203273ec1da0bd4286b91582	1	10
carat/tables/qcatalog/dim4/dir.3;1/ordnung.48/(1)^4(2)^2(4)^4/group.145	48	988be2bc1d048a9b749782b905610289	1	10
carat/tables/qcatalog/dim4/dir.3;1/ordnung.48/(1)^4(2)^2(4)^4/group.146	48	4126e0d017f0e2b0f250ad3e0e13cace	1	10
carat/tables/qcatalog/dim4/dir.3;1/ordnung.96/(1)^4(2)^2(4)^4/group.147	96	7e6b004f79cd93987dd1dfd0e857240a	1	20
carat/tables/qcatalog/dim4/dir.4-1'/ordnung.16/(4)^8/group.180	16	95d1435fbe5449a565fa6046b735c6eb	0	7
carat/tables/qcatalog/dim4/dir.4-1'/ordnung.8/(4)^4/min.49	8	e8bec5f5aea07dc2d88c2ca9045e2748	0	8
carat/tables/qcatalog/dim4/dir.4-1/ordnung.1152/(1)^8(2)^8/max.7	1152	c3e7dd53cb7c51f29aa566e3cecc3874	0	25
carat/tables/qcatalog/dim4/dir.4-1/ordnung.128/(2)^12(4)^4/group.148	128	9e6d104661f09c64735fb176e80fcbaa	0	20
carat/tables/qcatalog/dim4/dir.4-1/ordnung.144/(1)^8(6)^8/group.149	144	9e440677427a17573703003b17214905	0	15
carat/tables/qcatalog/dim4/dir.4-1/ordnung.16/(4)^8/group.150	16	34e24f801b4b1d1e88f7559699e67bc0	0	10
carat/tables/qcatalog/dim4/dir.4-1/ordnung.16/(4)^8/group.151	16	ec52e85974659248422fb841690d80da	0	7
carat/tables/qcatalog/dim4/dir.4-1/ordnung.16/(4)^8/min.45	16	61d010afdb729b467291c9bfa1a52728	0	10
carat/tables/qcatalog/dim4/dir.4-1/ordnung.192/(1)^2(2)^12(4)^2/group.152	192	37a526e35378b40c77205ad862c00366	0	16
carat/tables/qcatalog/dim4/dir.4-1/ordnung.192/(1)^4(2)^10(4)^2/group.153	192	fea00dde3000210df44f3e4b18292a67	0	13
carat/tables/qcatalog/dim4/dir.4-1/ordnung.192/(1)^4(2)^12/group.154	192	0183f80c192f75c278a253656f4a1d50	0	13
carat/tables/qcatalog/dim4/dir.4-1/ordnung.192/(2)^16/group.155	192	20b5ffb4ff6ab29ba95839ff3c7eb3e1	0	17
carat/tables/qcatalog/dim4/dir.4-1/ordnung.24/(1)^2(2)^2(6)^4/group.156	24	7bc9bd025003536b15df9dcc2cc5a9d1	0	7
carat/tables/qcatalog/dim4/dir.4-1/ordnung.24/(2)^2(4)^2/group.157	24	fab02d68b6acda7bbb07f5d8fe40c7b1	0	7
carat/tables/qcatalog/dim4/dir.4-1/ordnung.24/(2)^4(6)^4/group.158	24	100f04a50bcc4e78459af4d799bcadce	0	15
carat/tables/qcatalog/dim4/dir.4-1/ordnung.24/(2)^4(6)^4/min.46	24	97d0a158fb8c620004ebabf621dbb3fa	0	12
carat/tables/qcatalog/dim4/dir.4-1/ordnung.288/(1)^4(2)^8(4)^4/group.159	288	58eea9d9af6a860b8eff19f38b429bc5	0	25
carat/tables/qcatalog/dim4/dir.4-1/ordnung.32/(2)^4(4)^4/group.160	32	9d1f531369b893139b2c569b58323f75	0	14
carat/tables/qcatalog/dim4/dir.4-1/ordnung.32/(4)^16/group.161	32	ab20408f4cc431fa43b863fa2b345950	0	17
carat/tables/qcatalog/dim4/dir.4-1/ordnung.32/(4)^16/group.162	32	12449ceba4462a1a140b990f8b4d06b0	0	11
carat/tables/qcatalog/dim4/dir.4-1/ordnung.32/(4)^16/group.163	32	57152795d1d8583db532044c0e6f88e7	0	11
carat/tables/qcatalog/dim4/dir.4-1/ordnung.32/(4)^16/min.47	32	3a58b5e80e24e7431fb35e04fa2d85f5	0	11
carat/tables/qcatalog/dim4/dir.4-1/ordnung.384/(1)^4(2)^12/group.164	384	b0a62f1433eb9fd77e696fd745036221	0	20
carat/tables/qcatalog/dim4/dir.4-1/ordnung.48/(1)^4(2)^4(6)^8/group.165	48	d6445afb2ff3d302d26f6e25ee8c4560	0	8
carat/tables/qcatalog/dim4/dir.4-1/ordnung.48/(2)^4(4)^4/group.166	48	80dbb5a607794e84652f98e51e014716	0	14
carat/tables/qcatalog/dim4/dir.4-1/ordnung.48/(2)^4(4)^4/group.167	48	2fddb0f2216359be7013433f0f01a62c	0	8
carat/tables/qcatalog/dim4/dir.4-1/ordnung.48/(2)^8(6)^8/group.168	48	411f8bdf890bffc2816ce9c5cc049344	0	12
carat/tables/qcatalog/dim4/dir.4-1/ordnung.576/(1)^6(2)^8(4)^2/group.169	576	bc55a253e9034f2b50cdbcfa4387eae1	0	23
carat/tables/qcatalog/dim4/dir.4-1/ordnung.576/(1)^8(2)^8/group.170	576	a4b4cbe84e44194f2e908d9887fd3331	0	20
carat/tables/qcatalog/dim4/dir.4-1/ordnung.64/(2)^8(4)^8/group.171	64	e447b7a81ff102f70eeee2b534f5d719	0	16
carat/tables/qcatalog/dim4/dir.4-1/ordnung.64/(2)^8(4)^8/group.172	64	c70fdbb9e220683c9969afcab7f0b8fa	0	16
carat/tables/qcatalog/dim4/dir.4-1/ordnung.64/(2)^8(4)^8/group.173	64	30e7eb98b43580288b9544654d58672e	0	13
carat/tables/qcatalog/dim4/dir.4-1/ordnung.64/(2)^8(4)^8/group.174	64	45bc40d065e19a2827567b123c54b076	0	13
carat/tables/qcatalog/dim4/dir.4-1/ordnung.72/(1)^4(6)^4/group.175	72	1d7d3a4efb9b99081891a17c77c0965a	0	21
carat/tables/qcatalog/dim4/dir.4-1/ordnung.8/(4)^4/min.48	8	1d5d34f8af988728f15aa29c4eba20a6	0	5
carat/tables/qcatalog/dim4/dir.4-1/ordnung.96/(1)^2(2)^10(4)^4/group.176	96	59c70ce7469343b8a3da86dd5dd2004e	0	11
carat/tables/qcatalog/dim4/dir.4-1/ordnung.96/(2)^8(4)^8/group.178	96	b8a21d744a34b5ec6c1b4c09e70e35d6	0	19
carat/tables/qcatalog/dim4/dir.4-1/ordnung.96/(2)^8(4)^8/group.179	96	156f15c8017c99b69557f76de0470b94	0	13
carat/tables/qcatalog/dim4/dir.4-1/ordnung.96/(2)^8/group.177	96	29b11110b035fe9473e6b02aa5cb872a	0	16
carat/tables/qcatalog/dim4/dir.4-2'/ordnung.12/(2)^2(6)^2/min.54	12	012b20e0df5a0c97bf324b66d8defcc5	0	12
carat/tables/qcatalog/dim4/dir.4-2'/ordnung.24/(2)^4(6)^4/group.198	24	6efb1c3dc89ab4067b712feb1e5489b8	0	9
carat/tables/qcatalog/dim4/dir.4-2/ordnung.12/(2)^2(6)^2/min.50	12	93d4cf7a3a66f2f5d637b421fdde3e87	0	6
carat/tables/qcatalog/dim4/dir.4-2/ordnung.144/(1)^6(3)^8(9)^2/group.181	144	1d1c91e2e962f76b1a587c616ff43409	0	18
carat/tables/qcatalog/dim4/dir.4-2/ordnung.144/(1)^6(3)^8(9)^2/group.182	144	da5307deb9fd8bc30e49792aef8e1a71	0	18
carat/tables/qcatalog/dim4/dir.4-2/ordnung.144/(1)^8(3)^8/group.183	144	c9f259530b2c19089b55e9bd69ff419a	0	18
carat/tables/qcatalog/dim4/dir.4-2/ordnung.144/(1)^8(3)^8/group.184	144	7b51a88b8a88ca8e47e5a629b34c696c	0	24
carat/tables/qcatalog/dim4/dir.4-2/ordnung.18/(1)^2(3)^4(9)^2/min.51	18	99bcb09b087d58ff5c444e50e1f23711	0	9
carat/tables/qcatalog/dim4/dir.4-2/ordnung.24/(2)^4(6)^4/group.185	24	43e1b314f8217aec60d7db50fede4996	0	9
carat/tables/qcatalog/dim4/dir.4-2/ordnung.24/(2)^4(6)^4/group.186	24	bea225526dadc0c44521240d8590ff9e	0	12
carat/tables/qcatalog/dim4/dir.4-2/ordnung.24/(2)^4(6)^4/min.52	24	2873c902e3237238f5fac03f087c2dae	0	15
carat/tables/qcatalog/dim4/dir.4-2/ordnung.288/(1)^8(3)^8/max.8	288	e593b9050a7b1cff7713f5ecf749887d	0	27
carat/tables/qcatalog/dim4/dir.4-2/ordnung.36/(1)^2(3)^4(9)^2/group.187	36	10b3c664f12b0a5f5d4b214631188015	0	18
carat/tables/qcatalog/dim4/dir.4-2/ordnung.36/(1)^2(3)^4(9)^2/group.188	36	0b094c682f79c5ef806f8aeea512be15	0	18
carat/tables/qcatalog/dim4/dir.4-2/ordnung.36/(1)^4(3)^8(9)^4/group.189	36	49302d5ea70d0d76c3fa93ea87926c64	0	9
carat/tables/qcatalog/dim4/dir.4-2/ordnung.36/(1)^4(3)^8(9)^4/min.53	36	9825aa98699ad0a939e3b8cdb36fbf33	0	6
carat/tables/qcatalog/dim4/dir.4-2/ordnung.48/(2)^8(6)^8/group.190	48	a8a337c389dbf74b6bfa3527fdfe4951	0	15
carat/tables/qcatalog/dim4/dir.4-2/ordnung.72/(1)^4(3)^4/group.191	72	dd62fe570160c88535388adc3abfa8b3	0	27
carat/tables/qcatalog/dim4/dir.4-2/ordnung.72/(1)^4(3)^8(9)^4/group.192	72	ccb372dc4a91a8f9a5da568368904cd3	0	12
carat/tables/qcatalog/dim4/dir.4-2/ordnung.72/(1)^4(3)^8(9)^4/group.193	72	a76267ad1aa966d7bceacb35714b655d	0	18
carat/tables/qcatalog/dim4/dir.4-2/ordnung.72/(1)^4(3)^8(9)^4/group.194	72	06a911b46df9c6875c99fab3aa533c95	0	18
carat/tables/qcatalog/dim4/dir.4-2/ordnung.72/(1)^4(3)^8(9)^4/group.195	72	6b5a024b3e26b9d7be1d866b730ce795	0	15
carat/tables/qcatalog/dim4/dir.4-2/ordnung.72/(1)^6(3)^8(9)^2/group.196	72	1ba427143e644c751f84d92775848b0f	0	9
carat/tables/qcatalog/dim4/dir.4-2/ordnung.72/(1)^6(3)^8(9)^2/group.197	72	5ab62e1cdf21b51f810241da90bb1509	0	9
carat/tables/qcatalog/dim4/dir.4-3'/ordnung.10/(1)^1(5)^3/group.203	10	d1ca084aed3e4a045d8161857b4d2542	0	10
carat/tables/qcatalog/dim4/dir.4-3'/ordnung.10/(1)^2(5)^6/group.204	10	572c69e45a3cd5a45dc5466b633803e2	0	4
carat/tables/qcatalog/dim4/dir.4-3'/ordnung.20/(1)^2(5)^6/group.205	20	4e02334e75dd4816965f6b33eda4fc3c	0	8
carat/tables/qcatalog/dim4/dir.4-3'/ordnung.5/(1)^1(5)^3/min.57	5	d109817c79d9fb82ed51dc7099194be8	0	5
carat/tables/qcatalog/dim4/dir.4-3/ordnung.120/(1)^10(5)^6/group.199	120	473c2afe754c29af2496886d74b6d3e9	0	7
carat/tables/qcatalog/dim4/dir.4-3/ordnung.120/(1)^10(5)^6/group.200	120	3709c3f8b35bcf2bae2fd5faf28de63d	0	7
carat/tables/qcatalog/dim4/dir.4-3/ordnung.120/(1)^10(5)^6/group.201	120	ea5375c655257a2673e57c9f49e8d7fc	0	10
carat/tables/qcatalog/dim4/dir.4-3/ordnung.20/(1)^4(5)^12/min.55	20	e8e80c3bae7115b50b3f5d6d2f27afdf	0	5
carat/tables/qcatalog/dim4/dir.4-3/ordnung.240/(1)^10(5)^6/max.9	240	18bbd1fef5d964d99886c0434076430f	0	14
carat/tables/qcatalog/dim4/dir.4-3/ordnung.40/(1)^4(5)^12/group.202	40	49f67b39b399eb51d3dafe0b41cc029b	0	10
carat/tables/qcatalog/dim4/dir.4-3/ordnung.60/(1)^10(5)^6/min.56	60	2ebbd36e08d30e25ce7092ee7b14413b	0	5
