2-1s1s1s1s1__group.1203__Z203	16	2x2x2x2x2x2x2	60	64	4	0	explicit
2-1s1s1s1s1__group.1203__Z57	16	2x2x2x2x2x2x2	60	64	4	0	explicit
2-1s1s1s1s1__group.1195__Z31	16	2x2x2x2x2x2	24	26	2	0	explicit
2-1s1s1s1s1__group.1203__Z182	16	2x2x2x2x2x2x2	48	52	4	0	explicit
2-1s2-1s1c1__group.1286__Z1	32	2x2x2x2x4x4x4x4	124	130	6	0	explicit
2-1s1s1s1s1__group.1243__Z78	32	2x2x2x2x2	15	16	1	0	explicit
2-1s1s1s1s1__group.1203__Z116	16	2x2x2x2	10	12	2	0	explicit
2-1s1s1s1s1__group.1243__Z27	32	2x2x2x2x2x2x2x2x2	160	168	8	0	explicit
2-1s1s1s1s1__group.1206__Z232	16	2x2x2	6	8	2	0	explicit
2-1s1s1s1s1__group.1243__Z51	32	2x2x2x2x2x2x2x2x2	128	144	16	0	explicit
2-1s1s1s1s1__min.248__Z62	8	2x2x2x2	8	9	1	0	explicit
2-1s1s1s1s1__group.1203__Z75	16	2x2x2x2x2	15	16	1	0	explicit
2-1s1s1s1s1__group.1203__Z229	16	2x2x2x2	9	10	1	0	explicit
2-1s1s1s1s1__group.1203__Z58	16	2x2x2x2x2x2x2	42	48	6	0	explicit
2-1s1c1s1s1__group.1160__Z29	16	2x2x2x2x2x2	36	40	4	0	explicit
2-1s1s1s1s1__group.1195__Z40	16	2x2x2x2x2x2	24	26	2	0	explicit
2-1s1c1s1s1__min.238__Z30	8	2x2x2x2x2	15	16	1	0	explicit
2-1s2-1s1c1__group.1286__Z3	32	2x2x2x4x4x4	92	96	4	0	explicit
2-1s1s1s1s1__group.1206__Z58	16	2x2x2x2x2x2	30	32	2	0	explicit
2-1s1s1s1s1__group.1203__Z185	16	2x2x2x2x2	18	20	2	0	explicit
2-1s1s1s1s1__group.1243__Z29	32	2x2x2x2x2x2x2x2x2	124	140	16	0	explicit
2-1s1s1s1s1__group.1203__Z114	16	2x2x2x2	10	12	2	0	explicit
2-1s1s1s1s1__group.1243__Z81	32	2x2x2x2x2	15	16	1	0	explicit
2-1s1s1s1s1__min.248__Z94	8	2x2x2x2	9	10	1	0	explicit
2-1s1s1s1s1__group.1203__Z91	16	2x2x2x2x2x2x2	40	48	8	0	explicit
2-1s1s1s1s1__group.1243__Z53	32	2x2x2x2x2x2	24	26	2	0	explicit
2-1s1s1s1s1__group.1203__Z61	16	2x2x2x2x2x2x2	48	56	8	0	explicit
2-1s2-1s1c1__group.1286__Z5	32	2x4x4x4x4	40	42	2	0	explicit
2-1s1s1s1s1__group.1195__Z55	16	2x2x2	5	6	1	0	explicit
2-1s2-1s1c1__group.1264__Z1	16	2x2x4x4x4x4	34	35	1	0	explicit
2-1s1s1s1s1__group.1203__Z187	16	2x2x2x2x2x2x2	48	52	4	0	explicit
2-1s1s1s1s1__group.1203__Z175	16	2x2x2x2x2x2x2	48	52	4	0	explicit
2-1s1s1s1s1__group.1203__Z90	16	2x2x2x2x2x2x2	48	52	4	0	explicit
2-1s1s1s1s1__group.1243__Z57	32	2x2x2x2x2x2x2x2x2	144	152	8	0	explicit
2-1s1s1s1s1__group.1243__Z28	32	2x2x2x2x2x2x2x2x2	112	124	12	0	explicit
2-1s1s1s1s1__group.1203__Z230	16	2x2x2x2	9	10	1	0	explicit
2-1s1s1s1s1__group.1206__Z61	16	2x2x2x2x2x2	36	40	4	0	explicit
2-1s1s1s1s1__group.1203__Z62	16	2x2x2x2x2x2x2	42	48	6	0	explicit
2-1s1s1s1s1__group.1243__Z82	32	2x2x2x2x2	15	18	3	0	explicit
2-1s1c1s1s1__min.238__Z36	8	2x2x2x2x2	15	16	1	0	explicit
2-1s1s1s1s1__group.1243__Z58	32	2x2x2x2x2x2x2x2x2	120	136	16	0	explicit
2-1s2-1s1s1__group.1350__Z15	32	2x2x2x2x2x2x2x2	80	96	16	0	explicit
2-1s2-1s1c1__group.1264__Z3	16	2x2x4x4x4	46	48	2	0	explicit
2-1s1s1s1s1__group.1206__Z179	16	2x2x2x2x2x2	28	32	4	0	explicit
2-1s1s1s1s1__group.1203__Z180	16	2x2x2x2x2	18	20	2	0	explicit
2-1s1s1s1s1__group.1203__Z192	16	2x2x2x2x2x2x2	48	52	4	0	explicit
2-1s1s1s1s1__group.1203__Z113	16	2x2x2x2	10	12	2	0	explicit
2-1s1s1s1s1__group.1243__Z30	32	2x2x2x2x2x2x2x2x2	112	124	12	0	explicit
2-1s1c1s1s1__group.1160__Z30	16	2x2x2x2x2x2	30	32	2	0	explicit
2-1s1s1s1s1__group.1203__Z231	16	2x2x2x2	9	10	1	0	explicit
2-1s1s1s1s1__group.1206__Z62	16	2x2x2x2x2x2	30	32	2	0	explicit
2-1s2-1s1c1__group.1264__Z5	16	4x4x4x4	20	21	1	0	explicit
2-1s2-1s1s1__group.1350__Z16	32	2x2x2x2x2	14	15	1	0	explicit
2-1s1s1s1s1__group.1243__Z77	32	2x2x2x2x2	15	16	1	0	explicit
2-1s1s1s1s1__group.1203__Z200	16	2x2x2x2x2x2x2	60	64	4	0	explicit
2-1s1s1s1s1__min.248__Z120	8	2x2	3	4	1	0	explicit
2-1s1s1s1s1__group.1203__Z69	16	2x2x2x2x2x2x2	60	64	4	0	explicit
2-1s1s1s1s1__group.1203__Z179	16	2x2x2x2x2x2x2	40	48	8	0	explicit
2-1s1s1s1s1__group.1206__Z180	16	2x2x2x2	9	10	1	0	explicit
2-1s1s1s1s1__group.1243__Z52	32	2x2x2x2x2x2	30	32	2	0	explicit
2-1s1s1s1s1__group.1206__Z91	16	2x2x2x2x2x2	28	32	4	0	explicit
2-1s1s1s1s1__group.1203__Z117	16	2x2x2x2	10	12	2	0	explicit
2-1s1s1s1s1__group.1203__Z232	16	2x2x2x2	9	12	3	0	explicit
2-1s2-1s1s1__group.1377__Z13	32	2x2x2x2x4x4	144	160	16	0	explicit
2-1s2-1s1s1__group.1350__Z18	32	2x2x2x2x2	18	20	2	0	explicit
2-1s2-1s1s1__group.1377__Z17	32	2x2x2x2x4x4	144	160	16	0	explicit
2-1s1s1s1s1__min.248__Z61	8	2x2x2x2	10	12	2	0	explicit
2-1s2-1s1s1__group.1377__Z23	32	2x4x4	18	20	2	0	explicit
2-1s1c1s1s1__group.1160__Z36	16	2x2x2x2x2x2	30	32	2	0	explicit
2-1s2-1s1s1__group.1393__Z30	32	2x2x2x2x2x2x4x4	576	640	64	0	explicit
2-1s2-1s1s1__group.1377__Z9	32	2x2x2x2x2x4x4	288	320	32	0	explicit
2-1s2-1s1s1__group.1393__Z24	32	2x4x4	18	20	2	0	explicit
2-1s2-1s1s1__group.1393__Z47	32	2x2x4x4	36	40	4	0	explicit
2-1s2-1s1s1__group.1377__Z1	32	2x2x2x2x2x2x2x4x4	1152	1280	128	0	explicit
2-1s2-1s1s1__group.1393__Z53	32	2x2x4x4	30	32	2	0	explicit
2-1s2-1s1s1__group.1350__Z49	32	2x2x2x2	8	9	1	0	explicit
2-1s2-1s1s1__group.1412__Z18	32	2x2x2x4	13	14	1	0	explicit
2-1s2-1s1s1__group.1412__Z31	32	2x2x2x2x2	18	20	2	0	explicit
2-1s2-1s1s1__group.1377__Z26	32	2x2x2x2x4x4	144	160	16	0	explicit
2-1s2-1s1s1__group.1393__Z36	32	2x2x2x2x4x4	144	160	16	0	explicit
2-1s2-1s1s1__group.1377__Z20	32	2x2x4x4	36	40	4	0	explicit
2-1s2-1s1s1__group.1393__Z1	32	2x2x2x2x2x2x4x4	576	640	64	0	explicit
2-1s2-1s1s1__group.1377__Z14	32	2x2x2x2x4x4	144	160	16	0	explicit
2-1s2-1s1s1__group.1393__Z27	32	2x2x2x4x4	72	80	8	0	explicit
2-1s2-1s1s1__group.1412__Z54	32	2x2x2x2x2	20	24	4	0	explicit
2-1s2-1s1s1__group.1350__Z60	32	2x2x2x2x2x2x2	40	48	8	0	explicit
2-1s2-1s1s1__group.1412__Z4	32	2x2x2x2x2x2x2x2x2	132	168	36	0	explicit
2-1s2-1s1s1__group.1393__Z55	32	2x2x2x4x4	72	80	8	0	explicit
2-1s2-1s1s1__group.1412__Z28	32	2x2x2x2x2	18	24	6	0	explicit
2-1s2-1s1s1__group.1393__Z48	32	2x4x4	18	20	2	0	explicit
2-1s2-1s1s1__group.1377__Z2	32	2x2x2x2x2x4x4	288	320	32	0	explicit
2-1s2-1s1s1__group.1393__Z35	32	2x2x2x2x4x4	144	160	16	0	explicit
2-1s2-1s1s1__group.1377__Z25	32	2x2x4x4	36	40	4	0	explicit
2-1s2-1s1s1__group.1393__Z14	32	2x2x2x4x4	72	80	8	0	explicit
2-1s2-1s1s1__group.1377__Z15	32	2x2x2x4x4	72	80	8	0	explicit
2-1s2-1s1s1__group.1412__Z56	32	2x2x2x2x2x2	36	40	4	0	explicit
2-1s2-1s1s1__group.1393__Z21	32	2x2x2x4x4	72	80	8	0	explicit
2-1s2-1s1s1__group.1412__Z5	32	2x2x2x2x2x2x2	72	80	8	0	explicit
2-1s2-1s1s1__group.1393__Z42	32	2x2x2x4x4	72	80	8	0	explicit
2-1s2-1s1s1__group.1350__Z65	32	2x2x2x2x2x2x2	26	30	4	0	explicit
2-1s2-1s1s1__group.1393__Z6	32	2x2x2x2x4x4	144	160	16	0	explicit
2-1s2-1s1s1__group.1412__Z30	32	2x2x2x2x2	18	24	6	0	explicit
2-1s2-1s1s1__group.1393__Z46	32	2x2x2x4x4	72	80	8	0	explicit
2-1s2-1s1s1__group.1393__Z17	32	2x2x2x4x4	72	80	8	0	explicit
2-1s2-1s1s1__group.1377__Z22	32	2x2x4x4	36	40	4	0	explicit
2-1s2-1s1s1__group.1412__Z55	32	2x2x2x2x2	18	20	2	0	explicit
2-1s2-1s1s1__group.1377__Z4	32	2x2x2x2x4x4	144	160	16	0	explicit
2-1s2-1s1s1__group.1393__Z43	32	2x2x4x4x4	108	120	12	0	explicit
2-1s2-1s1s1__group.1393__Z3	32	2x2x2x2x4x4	144	160	16	0	explicit
2-1s2-1s1s1__group.1412__Z52	32	2x2x2x2x2	20	24	4	0	explicit
2-1s2-1s1s1__group.1377__Z16	32	2x2x4x4	36	40	4	0	explicit
2-1s2-1s1s1__group.1393__Z7	32	2x2x2x2x4x4	144	160	16	0	explicit
2-1s2-1s1s1__group.1412__Z29	32	2x2x2x2x2	18	24	6	0	explicit
2-1s2-1s1s1__group.1350__Z67	32	2x2x2x2x2x2x2x2	52	60	8	0	explicit
2-1s2-1s1s1__group.1393__Z50	32	2x2x2x4x4	72	80	8	0	explicit
2-1s2-1s1s1__group.1377__Z21	32	2x2x2x2x4x4	144	160	16	0	explicit
2-1s2-1s1s1__group.1393__Z18	32	2x2x4x4	36	40	4	0	explicit
2-1s2-1s1s1__group.1412__Z57	32	2x2x2x2x2x2	36	40	4	0	explicit
2-1s2-1s1s1__group.1412__Z53	32	2x2x2x2x2x2x2x2x2	224	288	64	0	explicit
2-1s2-1s1s1__group.1377__Z6	32	2x2x2x2x2x4x4	288	320	32	0	explicit
2-1s2-1s1s1__group.1393__Z32	32	2x2x2x2x4x4	144	160	16	0	explicit
2-1s2-1s1s1__group.1412__Z16	32	2x2x2x2x2x2	32	40	8	0	explicit
2-1s2-1s1s1__group.1393__Z51	32	2x4x4	18	20	2	0	explicit
2-1s2-1s1s1__group.1412__Z68	32	2x2x2x2x2x2x2x2	128	160	32	0	explicit
2-1s2-1s1s1__group.1412__Z36	32	2x2x2x2x2x2x2x2	128	160	32	0	explicit
2-1s2-1s1s1__group.1412__Z9	32	2x2x2x2x2x2x2	48	52	4	0	explicit
2-1s2-1s1s1__group.1414__Z25	32	2x2x2x2	9	10	1	0	explicit
2-1s2-1s1s1__group.1414__Z52	32	2x2x2x2x2	18	20	2	0	explicit
2-1s2-1s1s1__group.1414__Z72	32	2x2x2x2x2x2x2x2	72	84	12	0	explicit
2-1s2-1s1s1__group.1412__Z62	32	2x2x2x2x2x2x2	50	60	10	0	explicit
2-1s2-1s1s1__group.1415__Z17	32	2x2x4	7	8	1	0	explicit
2-1s2-1s1s1__group.1415__Z32	32	2x2x2x2x2x2x4	120	144	24	0	explicit
2-1s2-1s1s1__group.1415__Z24	32	2x2x2x4	13	14	1	0	explicit
2-1s2-1s1s1__group.1414__Z63	32	2x2x2x2x2x2x2	72	80	8	0	explicit
2-1s2-1s1s1__group.1412__Z75	32	2x2x2x2x2x2x2x2	72	88	16	0	explicit
2-1s2-1s1s1__group.1415__Z51	32	2x2x2x4	18	20	2	0	explicit
2-1s2-1s1s1__group.1415__Z58	32	2x2x2x2x2x4	46	52	6	0	explicit
2-1s2-1s1s1__group.1415__Z10	32	2x2x2x4x4	72	80	8	0	explicit
2-1s2-1s1s1__group.1414__Z32	32	2x2x2x2x2x2x2	72	80	8	0	explicit
2-1s2-1s1s1__group.1415__Z41	32	2x2x2x4x4	72	80	8	0	explicit
2-1s2-1s1s1__group.1413__Z78	32	2x2x2	5	6	1	0	explicit
2-1s2-1s1s1__group.1415__Z18	32	2x2x2x2x4x4	78	84	6	0	explicit
2-1s2-1s1s1__group.1415__Z29	32	2x2x2x2x2x2x2x4x4	864	960	96	0	explicit
2-1s2-1s1s1__group.1415__Z26	32	2x2x2x4	13	14	1	0	explicit
2-1s2-1s1s1__group.1415__Z69	32	2x2x2x2x2x2x4	62	68	6	0	explicit
2-1s2-1s1s1__group.1412__Z74	32	2x2x2x2x2x2x2x2	76	96	20	0	explicit
2-1s1c1s1s1__min.238__Z41	8	2x2x2	6	8	2	0	explicit
2-1s2-1s1s1__group.1414__Z69	32	2x2x2x2x2x2x2	42	48	6	0	explicit
2-1s2-1s1s1__group.1415__Z52	32	2x2x2x2x4	36	40	4	0	explicit
2-1s2-1s1s1__group.1415__Z1	32	2x2x2x2x2x2x2x2x4x4	744	816	72	0	explicit
2-1s2-1s1s1__group.1415__Z60	32	2x2x2x2x2x2x2x4x4	384	416	32	0	explicit
2-1s2-1s1s1__group.1414__Z4	32	2x2x2x2x2x2x2x2	72	84	12	0	explicit
2-1s2-1s1s1__group.1415__Z42	32	2x2x2x2x4x4	120	128	8	0	explicit
2-1s2-1s1s1__group.1415__Z21	32	2x2x2x4x4	42	44	2	0	explicit
2-1s2-1s1s1__group.1414__Z24	32	2x2x2x2	9	10	1	0	explicit
2-1s2-1s1s1__group.1415__Z31	32	2x2x2x2x4x4	144	160	16	0	explicit
2-1s2-1s1s1__group.1415__Z27	32	2x2x2x4	13	14	1	0	explicit
2-1s2-1s1s1__group.1415__Z72	32	2x2x2x2x2x2x2x4	112	128	16	0	explicit
2-1s2-1s1s1__group.1412__Z77	32	2x2x2x2x2x2x2x2x2	132	168	36	0	explicit
2-1s2-1s1s1__group.1414__Z70	32	2x2x2x2x2x2x2	38	44	6	0	explicit
2-1s2-1s1s1__group.1415__Z45	32	2x2x2x2x4x4	108	120	12	0	explicit
2-1s2-1s1s1__group.1415__Z6	32	2x2x2x2x2x4x4	126	132	6	0	explicit
2-1s2-1s1s1__group.1415__Z22	32	2x2x2x2x4x4	144	160	16	0	explicit
2-1s2-1s1s1__group.1415__Z13	32	2x2x4x4	21	22	1	0	explicit
2-1s2-1s1s1__group.1414__Z5	32	2x2x2x2x2x2	36	40	4	0	explicit
2-1s2-1s1s1__group.1415__Z50	32	2x2x2x4	20	24	4	0	explicit
2-1s2-1s1s1__group.1414__Z26	32	2x2x2x2	9	10	1	0	explicit
2-1s2-1s1s1__group.1415__Z4	32	2x2x2x2x2x2x2x4	112	128	16	0	explicit
2-1s2-1s1s1__group.1415__Z28	32	2x2x2x2x4x4	78	84	6	0	explicit
2-1s2-1s1s1__group.1415__Z9	32	2x2x2x2x4x4	108	120	12	0	explicit
2-1s2-1s1s1__group.1414__Z8	32	2x2x2x2x2x2	27	28	1	0	explicit
2-1s2-1s1s1__group.1412__Z78	32	2x2x2x2	10	12	2	0	explicit
2-1s2-1s1s1__group.1415__Z14	32	2x4x4	18	20	2	0	explicit
2-1s2-1s1s1__group.1415__Z25	32	2x2x2x4	13	14	1	0	explicit
2-1s2-1s1s1__group.1415__Z63	32	2x2x2x2x2x2x4	120	144	24	0	explicit
2-1s2-1s1s1__group.1415__Z48	32	2x2x2x4	20	24	4	0	explicit
2-1s2-1s1s1__group.1414__Z49	32	2x2x2x2x2x2x2x2	120	144	24	0	explicit
2-1s2-1s1s1__group.1414__Z27	32	2x2x2x2	9	10	1	0	explicit
2-1s2-1s1s1__group.1415__Z34	32	2x2x2x2x4x4	144	160	16	0	explicit
2-1s2-1s1s1__group.1432__Z10	32	2x2x2x2x2x2x2x2	80	96	16	0	explicit
2-1s1c1s1s1__group.1160__Z41	16	2x2x2	6	8	2	0	explicit
2-1s2-1s1s1__group.1415__Z54	32	2x2x2x2x4x4	108	120	12	0	explicit
2-1s2-1s1s1__group.1415__Z3	32	2x2x2x2x2x4x4	216	240	24	0	explicit
2-1s2-1s1s1__group.1415__Z70	32	2x2x2x2x2x2x4	62	68	6	0	explicit
2-1s2-1s1s1__group.1415__Z49	32	2x2x2x2x2x2x2x4	200	240	40	0	explicit
2-1s2-1s1s1__group.1432__Z17	32	2x2x2x2	9	10	1	0	explicit
2-1s2-1s1s1__group.1432__Z28	32	2x2x2x2	9	12	3	0	explicit
2-1s2-1s1s1__group.1456__Z21	64	2x2x2x2x2x2	30	32	2	0	explicit
2-1s2-1s1s1__group.1432__Z45	32	2x2x2x2x2x2x2	38	48	10	0	explicit
2-1s2-1s1s1__group.1415__Z55	32	2x2x2x2x2x2x4x4	300	328	28	0	explicit
2-1s2-1s1s1__group.1456__Z4	64	2x2x2x2x2x2x2x2	90	96	6	0	explicit
2-1s2-1s1s1__group.1432__Z13	32	2x2x2x2x2	18	20	2	0	explicit
2-1s2-1s1s1__group.1456__Z56	64	2x2x2x2x2x2x2x2x2x2	200	224	24	0	explicit
2-1s2-1s1s1__group.1456__Z3	64	2x2x2x2x2x2x2x2x2x2x2	320	368	48	0	explicit
2-1s2-1s1s1__group.1505__Z14	64	2x2x2x4x4	72	80	8	0	explicit
2-1s2-1s1s1__group.1432__Z32	32	2x2x2x2x2x2x2	48	56	8	0	explicit
2-1s2-1s1s1__group.1432__Z16	32	2x2x2x2x2	14	15	1	0	explicit
2-1s2-1s1s1__group.1505__Z3	64	2x2x2x2x2x2x2x4x4	1152	1280	128	0	explicit
2-1s2-1s1s1__group.1456__Z22	64	2x2x2x2x2x2	21	24	3	0	explicit
2-1s2-1s1s1__group.1456__Z47	64	2x2x2x2x2x2x2x2x2	120	132	12	0	explicit
2-1s2-1s1s1__group.1432__Z48	32	2x2x2x2x2x2x2x2	80	96	16	0	explicit
2-1s2-1s1s1__min.264__Z20	16	2x2x2	5	6	1	0	explicit
2-1s2-1s1s1__group.1456__Z39	64	2x2x2x2x2x2	30	32	2	0	explicit
2-1s2-1s1s1__min.265__Z25	16	2x4x4	18	20	2	0	explicit
2-1s2-1s1s1__group.1456__Z59	64	2x2x2x2x2x2x2x2x2x2x2	288	352	64	0	explicit
2-1s1c1s1s1__min.238__Z29	8	2x2x2x2x2	18	20	2	0	explicit
2-1s2-1s1s1__min.265__Z45	16	2x4x4	15	16	1	0	explicit
2-1s2-1s1s1__group.1432__Z25	32	2x2x2x2	9	10	1	0	explicit
2-1s2-1s1s1__group.1432__Z3	32	2x2x2x2x2x2x2x2	96	112	16	0	explicit
2-1s2-1s1s1__min.265__Z1	16	2x2x4x4	21	22	1	0	explicit
2-1s2-1s1s1__group.1505__Z18	64	2x2x2x2x2x2x4x4	300	328	28	0	explicit
2-1s2-1s1s1__group.1505__Z1	64	2x2x2x2x2x2x2x2x2x2x4x4	4656	5152	496	0	explicit
2-1s2-1s1s1__group.1456__Z24	64	2x2x2x2x2x2	21	24	3	0	explicit
2-1s2-1s1s1__group.1456__Z42	64	2x2x2x2x2x2	27	28	1	0	explicit
2-1s2-1s1s1__min.265__Z32	16	2x2x2x2x4	28	32	4	0	explicit
2-1s2-1s1s1__group.1432__Z49	32	2x2x2	5	6	1	0	explicit
2-1s2-1s1s1__group.1432__Z27	32	2x2x2x2	9	10	1	0	explicit
2-1s2-1s1s1__group.1456__Z7	64	2x2x2x2x2x2x2x2	63	66	3	0	explicit
2-1s2-1s1s1__min.265__Z49	16	2x2x2x2x4x4	51	54	3	0	explicit
2-1s2-1s1s1__group.1432__Z39	32	2x2x2x2x2x2x2	40	48	8	0	explicit
2-1s2-1s1s1__group.1456__Z43	64	2x2x2x2x2x2x2	72	80	8	0	explicit
2-1s2-1s1s1__min.265__Z18	16	2x2x2x2x4	18	20	2	0	explicit
2-1s2-1s1s1__group.1505__Z4	64	2x2x2x2x2x2x4x4	300	328	28	0	explicit
2-1s2-1s1s1__min.265__Z72	16	2x4x4	18	20	2	0	explicit
2-1s2-1s1s1__group.1505__Z15	64	2x2x2x4x4	42	44	2	0	explicit
2-1s2-1s1s1__group.1432__Z43	32	2x2x2x2x2x2x2	42	48	6	0	explicit
2-1s2-1s1s1__min.265__Z36	16	2x4x4	15	16	1	0	explicit
2-1s2-1s1s1__group.1456__Z52	64	2x2x2x2x2x2x2x2x2x2	288	352	64	0	explicit
2-1s2-1s1s1__group.1456__Z23	64	2x2x2x2x2x2	30	32	2	0	explicit
2-1s2-1s1s1__group.1432__Z44	32	2x2x2x2x2x2x2x2	88	112	24	0	explicit
2-1s2-1s1s1__group.1505__Z10	64	2x2x2x2x2x2x4x4	576	640	64	0	explicit
2-1s2-1s1s1__group.1456__Z40	64	2x2x2x2x2x2x2x2x2x2x2	496	624	128	0	explicit
2-1s2-1s1s1__min.265__Z51	16	2x2x4x4	27	30	3	0	explicit
2-1s2-1s1s1__min.265__Z20	16	2x2x2x4x4	54	60	6	0	explicit
2-1s2-1s1s1__group.1432__Z26	32	2x2x2x2	9	10	1	0	explicit
2-1s2-1s1s1__min.265__Z9	16	2x2x2x4	18	20	2	0	explicit
2-1s2-1s1s1__group.1505__Z6	64	2x2x2x2x2x2x2x4x4	600	656	56	0	explicit
2-1s2-1s1s1__group.1456__Z14	64	2x2x2x2x2	13	14	1	0	explicit
2-1s2-1s1s1__group.1505__Z16	64	2x2x2x4x4	42	44	2	0	explicit
2-1s2-1s1s1__min.265__Z38	16	2x2x4	9	10	1	0	explicit
2-1s2-1s1s1__group.1456__Z57	64	2x2x2x2x2x2x2x2x2x2	152	184	32	0	explicit
2-1s2-1s1s1__group.1456__Z28	64	2x2x2x2x2x2x2x2x2x2	320	368	48	0	explicit
2-1s2-1s1s1__min.265__Z6	16	2x2x2x4x4	33	34	1	0	explicit
2-1s2-1s1s1__min.265__Z26	16	2x4x4	18	20	2	0	explicit
2-1s2-1s1s1__group.1505__Z13	64	2x2x2x2x4x4	78	84	6	0	explicit
2-1s2-1s1s1__group.1456__Z41	64	2x2x2x2x2x2	28	32	4	0	explicit
2-1s2-1s1s1__min.268__Z1	16	2x2x2x2x4x4	108	120	12	0	explicit
2-1s2-1s1s1__min.268__Z21	16	2x2x2x2x2x4	60	72	12	0	explicit
2-1s2-1s1s1__min.268__Z31	16	2x2x2x2x2x4	60	72	12	0	explicit
2-1s2-1s1s1__group.1505__Z9	64	2x2x2x2x2x2x4x4	576	640	64	0	explicit
2-1s2-1s1s1__min.265__Z33	16	2x4x4	18	20	2	0	explicit
2-1s2-1s1s1__group.1505__Z17	64	2x2x4x4	21	22	1	0	explicit
2-1s2-1s1s1__min.265__Z58	16	4x4	9	10	1	0	explicit
2-1s2-1s1s1__min.268__Z57	16	2x2x4x4	27	30	3	0	explicit
2-1s2-1s1s1__min.268__Z41	16	2x2x4x4	27	30	3	0	explicit
2-1s2-1s1s1__min.268__Z50	16	2x2x4	9	10	1	0	explicit
2-1s2-1s1s1__min.268__Z64	16	2x2x4	10	12	2	0	explicit
2-1s2-1s1s1__min.270__Z13	16	2x4x4	18	20	2	0	explicit
2-1s2-1s1s1__min.270__Z2	16	2x2x4x4	36	40	4	0	explicit
2-1s2-1s1s1__min.268__Z13	16	2x2x2x2x4	30	36	6	0	explicit
2-1s2-1s1s1__min.268__Z34	16	2x2x2x4x4	54	60	6	0	explicit
2-1s2-1s1s1__min.268__Z22	16	2x2x2x2x4	30	36	6	0	explicit
2-1s2-1s2-1__group.1606__Z13	64	2x2x2x2x2x2	11	12	1	0	explicit
2-1s2-1s1s1__min.268__Z44	16	2x2x4x4	30	32	2	0	explicit
2-1s1c1s1s1__min.239__Z41	8	2x2	3	4	1	0	explicit
2-1s2-1s1s1__min.268__Z6	16	2x2x2x2x4x4	108	120	12	0	explicit
2-1s2-1s1s1__min.268__Z53	16	2x2x4x4	36	40	4	0	explicit
2-1s2-1s1s1__min.270__Z14	16	4x4x4	27	30	3	0	explicit
2-1s2-1s1s1__min.268__Z33	16	2x2x2x4x4	54	60	6	0	explicit
2-1s2-1s2-1__min.288__Z13	32	2x2x2x2	5	6	1	0	explicit
2-1s2-1s1s1__min.268__Z20	16	2x2x2x2x4	30	36	6	0	explicit
2-1s2-1s1s1__min.270__Z26	16	2x4x4	18	20	2	0	explicit
2-2s2-1s1s1__group.2081__Z4	24	2x2x12	24	28	4	0	explicit
2-1s2-1s2-1__group.1550__Z18	32	2x2x2x2x2	14	15	1	0	explicit
2-1s2-1s1s1__min.268__Z65	16	2x2x4	10	12	2	0	explicit
2-1s2-1s1s1__min.268__Z26	16	2x2x2x2x2x4	60	72	12	0	explicit
2-1s2-1s2-1__group.1606__Z10	64	2x2x2x2x2x2x2x2x2	76	80	4	0	explicit
2-1s2-1s1s1__min.268__Z46	16	2x2x2x4	18	20	2	0	explicit
2-1s2-1s1s1__min.268__Z49	16	2x2x2x4	15	18	3	0	explicit
2-1s2-1s1s1__min.270__Z17	16	2x4x4	18	20	2	0	explicit
2-1s2-1s1s1__min.268__Z60	16	2x2x4x4	36	40	4	0	explicit
2-2s2-1s1s1__group.2081__Z1	24	2x2x2x12	48	56	8	0	explicit
2-1s1s1s1s1__group.1195__Z30	16	2x2x2x2x2x2	32	36	4	0	explicit
2-1s2-1s1s1__min.268__Z4	16	2x2x2x2x4	30	36	6	0	explicit
2-2s2-1s1s1__group.2081__Z6	24	2x12	12	14	2	0	explicit
2-1s2-1s1s1__min.270__Z6	16	2x2x4x4	36	40	4	0	explicit
2-1s2-1s2-1__group.1587__Z5	64	2x2x2x2x2	13	14	1	0	explicit
2-1s2-1s1s1__min.268__Z28	16	2x2x2x2x2x4x4	216	240	24	0	explicit
2-1s2-1s1s1__min.268__Z66	16	2x2x4x4	36	40	4	0	explicit
2-2s2-1s1s1__group.2089__Z15	24	2x2x12	24	28	4	0	explicit
2-1s2-1s1s1__min.268__Z47	16	2x2x2x4	15	18	3	0	explicit
2-1s2-1s2-1__min.288__Z12	32	2x2x2x2	5	6	1	0	explicit
2-1s2-1s1s1__min.268__Z62	16	2x2x4	10	12	2	0	explicit
2-2s2-1s1s1__group.2081__Z10	24	2x2x12	24	28	4	0	explicit
2-2s2-1s1s1__group.2081__Z8	24	2x12	12	14	2	0	explicit
2-1s2-1s1s1__min.268__Z56	16	2x4	5	6	1	0	explicit
2-1s2-1s1s1__min.270__Z15	16	2x4x4	18	20	2	0	explicit
2-1s2-1s1s1__min.270__Z9	16	2x2x4x4	36	40	4	0	explicit
2-1s2-1s1s1__min.268__Z40	16	2x2x2x2x2x4	60	72	12	0	explicit
2-1s2-1s2-1__group.1605__Z16	64	2x2x2	6	8	2	0	explicit
2-2s2-1s1s1__group.2089__Z3	24	2x12	12	14	2	0	explicit
2-1s2-1s2-1__min.288__Z10	32	2x2x2x2x2x2	11	12	1	0	explicit
2-2s2-1s1s1__group.2089__Z17	24	2x12	12	14	2	0	explicit
2-1s2-1s1s1__min.269__Z27	16	2x2	3	4	1	0	explicit
2-2s2-1s1s1__group.2081__Z12	24	2x12	12	14	2	0	explicit
2-1s2-1s1s1__min.268__Z48	16	2x2x4x4	27	30	3	0	explicit
2-1s2-1s1s1__min.268__Z27	16	2x2x2	6	8	2	0	explicit
2-1s2-1s1s1__min.268__Z63	16	2x2x4	10	12	2	0	explicit
2-1s2-1s1s1__min.268__Z58	16	2x2x4x4	36	40	4	0	explicit
2-2s2-1s1s1__group.2081__Z7	24	2x2x2x12	48	56	8	0	explicit
2-1s2-1s1s1__min.270__Z16	16	2x4x4	15	16	1	0	explicit
2-1s2-1s2-1__group.1534__Z4	128	2x2x2x2x2x2	16	18	2	0	explicit
2-2s2-1s1s1__group.2089__Z34	24	2x2x12	24	28	4	0	explicit
2-1s2-1s2-1__min.288__Z14	32	2x2	3	4	1	0	explicit
2-2s2-1s1s1__group.2090__Z10	24	2x12	12	14	2	0	explicit
2-2s2-1s1s1__group.2089__Z21	24	12	6	7	1	0	explicit
2-1s2-1s1s1__min.270__Z1	16	2x2x2x4x4	72	80	8	0	explicit
2-1s2-1s2-1__group.1605__Z15	64	2x2x2x2x2	16	18	2	0	explicit
2-2s2-1s1s1__group.2081__Z2	24	2x12	12	14	2	0	explicit
2-2s2-1s1s1__group.2089__Z1	24	2x2x12	24	28	4	0	explicit
2-2s2-1s1s1__group.2100__Z3	24	2x2x12	24	28	4	0	explicit
2-2s2-1s1s1__group.2089__Z36	24	2x12	12	14	2	0	explicit
2-2s2-1s1s1__group.2101__Z19	24	2x12	12	14	2	0	explicit
2-2s2-1s1s1__group.2090__Z34	24	12	6	7	1	0	explicit
2-2s2-1s1s1__group.2089__Z27	24	2x2x12	24	28	4	0	explicit
2-2s2-1s1s1__group.2090__Z13	24	12	6	7	1	0	explicit
2-2s2-1s1s1__group.2101__Z24	24	2x12	12	14	2	0	explicit
2-2s2-1s1s1__group.2090__Z22	24	2x12	12	14	2	0	explicit
2-2s2-1s1s1__group.2146__Z4	48	2x2x2x2x12	96	112	16	0	explicit
2-1s2-1s2-1__group.1606__Z12	64	2x2x2x2	5	6	1	0	explicit
2-2s2-1s1s1__group.2170__Z6	48	2x2x2x12	48	56	8	0	explicit
2-2s2-1s1s1__group.2101__Z2	24	2x12	12	14	2	0	explicit
2-2s2-1s1s1__group.2204__Z18	48	2x2x12	24	28	4	0	explicit
2-2s2-1s1s1__group.2205__Z10	48	2x2x2x12	48	56	8	0	explicit
2-2s2-1s1s1__group.2205__Z2	48	2x2x12	24	28	4	0	explicit
2-2s2-1s1s1__group.2089__Z39	24	12	6	7	1	0	explicit
2-2s2-1s1s1__group.2089__Z29	24	2x12	12	14	2	0	explicit
2-2s2-1s1s1__group.2090__Z14	24	2x2x12	24	28	4	0	explicit
2-2s2-1s1s1__group.2101__Z1	24	2x2x2x12	48	56	8	0	explicit
2-2s2-1s1s1__group.2090__Z28	24	2x2x12	24	28	4	0	explicit
2-2s2-1s1s1__group.2101__Z4	24	2x2x12	24	28	4	0	explicit
2-2s2-1s1s1__group.2090__Z36	24	2x12	12	14	2	0	explicit
2-2s2-1s1s1__group.2146__Z6	48	2x2x2x12	48	56	8	0	explicit
2-2s2-1s1s1__group.2204__Z1	48	2x2x2x2x2x12	192	224	32	0	explicit
2-2s2-1s1s1__group.2205__Z12	48	2x2x2x2x2x12	192	224	32	0	explicit
2-2s2-1s1s1__group.2204__Z16	48	2x2x2x12	48	56	8	0	explicit
2-2s2-1s1s1__group.2101__Z13	24	2x2x2x12	48	56	8	0	explicit
2-2s2-1s1s1__group.2090__Z1	24	2x2x12	24	28	4	0	explicit
2-2s2-1s1s1__group.2205__Z8	48	2x2x12	24	28	4	0	explicit
2-2s2-1s1s1__group.2101__Z20	24	2x12	12	14	2	0	explicit
2-2s2-1s1s1__group.2090__Z16	24	2x12	12	14	2	0	explicit
2-2s2-1s1s1__group.2205__Z18	48	2x2x12	24	28	4	0	explicit
2-2s2-1s1s1__group.2090__Z39	24	12	6	7	1	0	explicit
2-2s2-1s1s1__group.2101__Z7	24	2x12	12	14	2	0	explicit
2-2s2-1s1s1__group.2090__Z3	24	2x12	12	14	2	0	explicit
2-2s2-1s1s1__group.2170__Z2	48	2x2x2x12	48	56	8	0	explicit
2-2s2-1s1s1__group.2243__Z14	48	2x2x12	24	28	4	0	explicit
2-2s2-1s1s1__group.2204__Z14	48	2x2x12	24	28	4	0	explicit
2-2s2-1s1s1__group.2243__Z10	48	2x2x2x12	48	56	8	0	explicit
2-2s2-1s1s1__group.2205__Z13	48	2x2x12	24	28	4	0	explicit
2-2s2-1s1s1__group.2101__Z14	24	2x12	12	14	2	0	explicit
2-2s2-1s1s1__group.2090__Z19	24	2x2x12	24	28	4	0	explicit
2-2s2-1s1s1__group.2204__Z4	48	2x2x2x12	48	56	8	0	explicit
2-2s2-1s1s1__group.2146__Z1	48	2x2x2x2x2x2x12	384	448	64	0	explicit
2-2s2-1s1s1__group.2090__Z8	24	2x2x12	24	28	4	0	explicit
2-2s2-1s1s1__group.2101__Z18	24	2x2x2x12	48	56	8	0	explicit
2-2s2-1s1s1__group.2090__Z30	24	2x12	12	14	2	0	explicit
2-2s2-1s1s1__group.2205__Z4	48	2x2x2x12	48	56	8	0	explicit
2-2s2-1s1s1__group.2170__Z1	48	2x2x2x2x2x2x12	384	448	64	0	explicit
2-2s2-1s1s1__group.2243__Z2	48	2x2x12	24	28	4	0	explicit
2-2s2-1s1s1__group.2243__Z16	48	2x2x2x12	48	56	8	0	explicit
2-2s2-1s1s1__group.2243__Z1	48	2x2x2x2x2x12	192	224	32	0	explicit
2-2s2-1s1s1__group.2204__Z13	48	2x2x2x2x2x12	192	224	32	0	explicit
2-2s2-1s1s1__group.2100__Z1	24	2x2x2x12	48	56	8	0	explicit
2-2s2-1s1s1__group.2101__Z16	24	2x2x12	24	28	4	0	explicit
2-2s2-1s1s1__group.2204__Z7	48	2x2x12	24	28	4	0	explicit
2-2s2-1s1s1__group.2146__Z2	48	2x2x2x12	48	56	8	0	explicit
2-2s2-1s1s1__group.2205__Z14	48	2x2x12	24	28	4	0	explicit
2-2s2-1s1s1__group.2090__Z33	24	2x2x12	24	28	4	0	explicit
2-2s2-1s1s1__group.2170__Z4	48	2x2x2x2x12	96	112	16	0	explicit
2-2s2-1s1s1__group.2243__Z19	48	2x2x2x2x2x12	192	224	32	0	explicit
2-2s2-1s1s1__group.2205__Z6	48	2x2x12	24	28	4	0	explicit
2-2s2-1s1s1__group.2243__Z22	48	2x2x2x12	48	56	8	0	explicit
2-2s2-1s1s1__group.2101__Z22	24	2x2x12	24	28	4	0	explicit
2-2s2-1s1s1__group.2243__Z13	48	2x2x2x2x2x12	192	224	32	0	explicit
2-2s2-1s1s1__group.2243__Z8	48	2x2x12	24	28	4	0	explicit
2-2s2-1s1s1__group.2204__Z2	48	2x2x12	24	28	4	0	explicit
2-2s2-1s1s1__group.2205__Z1	48	2x2x2x2x2x12	192	224	32	0	explicit
2-2s2-1s1s1__group.2205__Z7	48	2x2x2x2x2x12	192	224	32	0	explicit
2-2s2-1s1s1__group.2262__Z4	48	2x2x2x12	48	56	8	0	explicit
2-2s2-1s1s1__group.2243__Z18	48	2x2x12	24	28	4	0	explicit
2-2s2-1s1s1__min.369__Z6	24	2x2x2x12	48	56	8	0	explicit
2-2s2-1s1s1__group.2390__Z2	96	2x2x2x2x12	96	112	16	0	explicit
2-2s2-1s1s1__min.368__Z7	24	2x12	12	14	2	0	explicit
2-2s2-1s1s1__group.2205__Z16	48	2x2x2x12	48	56	8	0	explicit
2-2s2-1s1s1__group.2243__Z24	48	2x2x12	24	28	4	0	explicit
2-2s2-1s1s1__group.2243__Z12	48	2x2x12	24	28	4	0	explicit
2-2s2-1s1s1__min.367__Z24	12	12	6	7	1	0	explicit
2-2s2-1s1s1__group.2243__Z7	48	2x2x2x2x2x12	192	224	32	0	explicit
2-2s2-1s1s1__min.371__Z10	24	2x2x12	24	28	4	0	explicit
2-2s2-1s1s1__group.2243__Z20	48	2x2x12	24	28	4	0	explicit
2-2s2-1s1s1__group.2262__Z8	48	2x2x2x2x2x12	192	224	32	0	explicit
2-2s2-1s1s1__min.371__Z7	24	2x2x2x12	48	56	8	0	explicit
2-2s2-1s1s1__min.369__Z1	24	2x2x2x12	48	56	8	0	explicit
2-2s2-1s1s1__min.367__Z1	12	12	6	7	1	0	explicit
2-2s2-1s1s1__group.2262__Z1	48	2x2x2x2x2x12	192	224	32	0	explicit
2-2s2-1s1s1__min.369__Z7	24	2x12	12	14	2	0	explicit
2-2s2-1s1s1__group.2243__Z6	48	2x2x12	24	28	4	0	explicit
2-2s2-2s1c1__group.2724__Z7	18	3x3x3x3x3	10	12	2	0	explicit
2-2s2-2s1c1__group.2765__Z1	36	3x3x6x6	10	12	2	0	explicit
2-2s2-1s1s1__min.367__Z4	12	12	6	7	1	0	explicit
2-2s2-1s1s1__min.371__Z12	24	2x12	12	14	2	0	explicit
2-2s2-2s1s1__group.2979__Z2	36	3x6	8	10	2	0	explicit
2-2s2-1s1s1__min.371__Z8	24	2x12	12	14	2	0	explicit
2-2s2-1s1s1__min.367__Z15	12	12	6	7	1	0	explicit
2-2s2-1s1s1__min.369__Z2	24	2x12	12	14	2	0	explicit
2-2s2-1s1s1__group.2262__Z11	48	2x2x2x12	48	56	8	0	explicit
2-2s2-1s1s1__group.2390__Z4	96	2x2x2x2x2x12	192	224	32	0	explicit
2-2s2-2s1c1__min.405__Z3	9	3x3x3x3	12	14	2	0	explicit
2-2s2-2s1c1__group.2724__Z9	18	3x3x3x3x3x3	13	14	1	0	explicit
2-2s2-1s1s1__min.368__Z1	24	2x2x2x12	48	56	8	0	explicit
2-2s2-2s1c1__group.2765__Z3	36	3x3x3x6x6	20	24	4	0	explicit
2-2s2-1s1s1__group.2243__Z4	48	2x2x2x12	48	56	8	0	explicit
2-2s2-2s1s1__group.2980__Z1	36	2x6x6	32	40	8	0	explicit
2-2s2-1s1s1__min.369__Z8	24	2x12	12	14	2	0	explicit
2-2s2-1s1s1__min.371__Z2	24	2x12	12	14	2	0	explicit
2-2s2-2s1s1__group.2979__Z3	36	2x6x6	32	40	8	0	explicit
2-2s2-2s1c1__group.2720__Z1	18	3x3x3x6x6	20	24	4	0	explicit
2-2s2-1s1s1__min.367__Z18	12	12	6	7	1	0	explicit
2-2s2-1s1s1__min.369__Z12	24	2x12	12	14	2	0	explicit
2-2s2-2s1c1__min.405__Z5	9	3x3x3x3	7	8	1	0	explicit
2-2s2-1s1s1__group.2262__Z13	48	2x2x12	24	28	4	0	explicit
2-2s2-2s1c1__group.2724__Z5	18	3x3x3x3	7	8	1	0	explicit
2-2s2-1s1s1__min.368__Z2	24	2x12	12	14	2	0	explicit
2-2s2-1s1s1__group.2390__Z1	96	2x2x2x2x2x2x2x2x12	1536	1792	256	0	explicit
2-2s2-2s1s1__group.2980__Z2	36	3x6	8	10	2	0	explicit
2-2s2-1s1s1__min.371__Z4	24	2x2x12	24	28	4	0	explicit
2-2s2-1s1s1__min.369__Z9	24	2x2x12	24	28	4	0	explicit
2-2s2-2s1s1__group.2979__Z5	36	6x6x6	64	80	16	0	explicit
2-2s2-2s1c1__group.2765__Z2	36	3x6x6	12	14	2	0	explicit
2-2s2-1s1s1__min.367__Z20	12	12	6	7	1	0	explicit
2-2s2-2s1s1__group.2981__Z4	36	3x6	8	10	2	0	explicit
2-2s2-1s1s1__min.369__Z3	24	2x2x12	24	28	4	0	explicit
2-2s2-2s1s1__group.2890__Z1	144	2x2x2x2x6x6	136	164	28	0	explicit
2-2s2-2s1s1__group.2981__Z1	36	6x6x6	64	80	16	0	explicit
2-2s2-1s1s1__group.2390__Z6	96	2x2x2x2x12	96	112	16	0	explicit
2-2s2-1s1s1__min.368__Z4	24	2x2x12	24	28	4	0	explicit
2-2s2-1s1s1__min.371__Z6	24	2x12	12	14	2	0	explicit
2-2s2-2s1c1__group.2720__Z2	18	3x6x6	12	14	2	0	explicit
2-2s2-1s1s1__min.371__Z1	24	2x2x2x12	48	56	8	0	explicit
2-2s2-2s1s1__group.2979__Z6	36	3x3x6	16	20	4	0	explicit
2-2s2-2s1s1__group.2985__Z5	36	2x6x6	32	40	8	0	explicit
2-2s2-2s1c1__group.2804__Z1	72	6x6x6x6	17	18	1	0	explicit
2-2s2-2s1s1__group.2985__Z1	36	2x6x6	32	40	8	0	explicit
2-2s2-2s1c1__group.2724__Z8	18	3x3x3x3	12	14	2	0	explicit
2-2s2-2s1s1__group.2987__Z7	36	6x6	16	20	4	0	explicit
2-2s2-2s1s1__group.2890__Z2	144	6x6	10	11	1	0	explicit
2-2s2-2s1s1__group.2981__Z2	36	3x3x6	16	20	4	0	explicit
2-2s2-2s1s1__group.2985__Z6	36	3x6	8	10	2	0	explicit
2-2s2-2s1s1__group.2988__Z10	36	3x3x3	8	10	2	0	explicit
2-2s2-2s1c1__min.405__Z1	9	3x3x3x3x3x3	13	14	1	0	explicit
2-2s2-2s1s1__group.2979__Z4	36	3x6	8	10	2	0	explicit
2-2s2-2s1s1__group.2990__Z15	36	6x6	16	20	4	0	explicit
2-2s2-2s1c1__group.2752__Z1	36	6x6x6x6	17	18	1	0	explicit
2-2s2-2s1s1__group.2990__Z6	36	3x3	4	5	1	0	explicit
2-2s2-2s1s1__group.2990__Z13	36	3x3	4	5	1	0	explicit
2-2s2-2s1c1__group.2724__Z3	18	3x3x3	6	7	1	0	explicit
2-2s2-2s1s1__group.2988__Z4	36	3x3	4	5	1	0	explicit
2-2s2-2s1s1__group.2987__Z8	36	3x3	4	5	1	0	explicit
2-2s2-2s1s1__group.2985__Z2	36	3x6	8	10	2	0	explicit
2-2s2-2s1s1__group.2981__Z3	36	2x6x6	32	40	8	0	explicit
2-2s2-2s1s1__group.2979__Z1	36	2x6x6	32	40	8	0	explicit
2-2s2-2s1s1__group.2987__Z1	36	6x6	10	11	1	0	explicit
2-2s2-2s1s1__group.2988__Z13	36	3x6x6	20	22	2	0	explicit
2-2s2-2s1s1__group.2990__Z8	36	6x6	16	20	4	0	explicit
2-2s2-2s1s1__group.2988__Z1	36	6x6	10	11	1	0	explicit
2-2s2-2s1s1__group.2988__Z9	36	3x6x6	32	40	8	0	explicit
2-2s2-2s1s1__group.2990__Z2	36	3x3x3	8	10	2	0	explicit
2-2s2-2s1s1__group.2985__Z3	36	2x6x6	32	40	8	0	explicit
2-2s2-2s1s1__group.3100__Z1	72	2x2x2x6x6	128	160	32	0	explicit
2-2s2-2s1s1__group.3108__Z5	72	2x2x6x6	64	80	16	0	explicit
2-2s2-2s1s1__group.2990__Z18	36	3x3x3	8	10	2	0	explicit
2-2s2-2s1s1__group.2987__Z11	36	6x6	10	11	1	0	explicit
2-2s2-2s1s1__group.3109__Z6	72	3x3x6	16	20	4	0	explicit
2-2s2-2s1s1__group.3143__Z3	72	2x2x6x6	64	80	16	0	explicit
2-2s2-2s1s1__min.410__Z14	18	3x3x3	8	10	2	0	explicit
2-2s2-2s1s1__group.2988__Z11	36	3x3x6x6	36	42	6	0	explicit
2-2s2-2s1s1__group.2988__Z3	36	6x6	16	20	4	0	explicit
2-2s2-2s1s1__group.2988__Z5	36	6x6	10	11	1	0	explicit
2-2s2-2s1s1__group.2990__Z9	36	6x6	16	20	4	0	explicit
2-2s2-2s1s1__group.2990__Z17	36	3x6x6	32	40	8	0	explicit
2-2s2-2s1s1__min.410__Z9	18	3x3	4	5	1	0	explicit
2-2s2-2s1s1__group.3108__Z1	72	2x2x6x6	64	80	16	0	explicit
2-2s2-2s1s1__group.3109__Z2	72	3x6	8	10	2	0	explicit
2-2s2-2s1s1__group.2985__Z4	36	3x6	8	10	2	0	explicit
2-2s2-2s1s1__group.3143__Z1	72	2x2x6x6	36	42	6	0	explicit
2-2s2-2s1s1__group.2990__Z19	36	6x6	16	20	4	0	explicit
2-2s2-2s1s1__group.2987__Z13	36	6x6	10	11	1	0	explicit
2-2s2-2s1s1__min.410__Z1	18	3x6	8	10	2	0	explicit
2-2s2-2s1s1__min.410__Z2	18	3x3	4	5	1	0	explicit
2-2s2-2s1s1__group.2988__Z12	36	3x3x3x3	10	11	1	0	explicit
2-2s2-2s1s1__group.2988__Z7	36	3x6x6	32	40	8	0	explicit
2-2s2-2s1s1__group.2990__Z5	36	6x6	16	20	4	0	explicit
2-2s2-2s1s1__group.2990__Z1	36	3x6x6	32	40	8	0	explicit
2-2s2-2s1s1__group.2990__Z21	36	6x6	16	20	4	0	explicit
2-2s2-2s1s1__min.411__Z1	18	3x3x3x6	32	40	8	0	explicit
2-2s2-2s1s1__group.3108__Z2	72	3x6	8	10	2	0	explicit
2-2s2-2s1s1__group.3109__Z3	72	2x2x6x6	64	80	16	0	explicit
2-2s2-2s1s1__group.2990__Z16	36	3x3	4	5	1	0	explicit
2-2s2-2s1s1__group.3143__Z4	72	3x6	8	10	2	0	explicit
2-2s2-2s1s1__min.410__Z13	18	3x3x6	16	20	4	0	explicit
2-2s2-2s1s1__min.410__Z4	18	3x6	8	10	2	0	explicit
2-2s2-2s1s1__min.411__Z12	18	3x3	4	5	1	0	explicit
2-2s2-2s1s1__group.2988__Z8	36	3x3x3	8	10	2	0	explicit
2-2s2-2s1s1__group.3100__Z2	72	6x6	16	20	4	0	explicit
2-2s2-2s1s1__group.2990__Z12	36	3x3	4	5	1	0	explicit
2-2s2-2s1s1__min.411__Z18	18	3x3x3	8	10	2	0	explicit
2-2s2-2s1s1__min.411__Z8	18	3x3x3	8	10	2	0	explicit
2-2s2-2s1s1__group.3108__Z6	72	3x6	8	10	2	0	explicit
2-2s2-2s1s1__group.2990__Z22	36	3x3	4	5	1	0	explicit
2-2s2-2s1s1__min.411__Z13	18	3x3x6	16	20	4	0	explicit
2-2s2-2s1s1__group.3109__Z5	72	2x6x6x6	128	160	32	0	explicit
2-2s2-2s1s1__group.3143__Z5	72	2x2x6x6	36	42	6	0	explicit
2-2s2-2s1s1__group.2990__Z20	36	3x3	4	5	1	0	explicit
2-2s2-2s1s1__min.410__Z11	18	3x6	8	10	2	0	explicit
2-2s2-2s1s1__min.410__Z5	18	3x6	8	10	2	0	explicit
2-2s2-2s1s1__min.411__Z16	18	3x3x6	16	20	4	0	explicit
2-2s2-2s1s1__min.411__Z11	18	3x6	8	10	2	0	explicit
2-2s2-2s2-2__group.3543__Z3	108	3x3	4	5	1	0	explicit
2-2s2-2s1s1__min.411__Z2	18	3x3x3x3	16	20	4	0	explicit
2-2s2-2s2-2__group.3725__Z7	54	3x3	4	5	1	0	explicit
2-2s2-2s1s1__group.3109__Z1	72	2x2x6x6	64	80	16	0	explicit
3s1s1s1__min.450__Z21	48	2x2x6	10	12	2	0	explicit
2-2s2-2s1s1__min.411__Z9	18	3x3x3	8	10	2	0	explicit
2-2s2-2s1s1__group.3143__Z7	72	2x2x6x6	36	42	6	0	explicit
3s2-1s1__group.3932__Z1	192	2x2x2x2x2x4x4	288	320	32	0	explicit
2-2s2-2s1s1__min.410__Z12	18	3x3	4	5	1	0	explicit
2-2s2-2s1s1__min.410__Z8	18	3x3	4	5	1	0	explicit
2-2s2-2s1s1__group.3109__Z4	72	3x6	8	10	2	0	explicit
3s2-1s1__group.3936__Z6	192	2x2x2x12	48	56	8	0	explicit
2-2s2-2s2-2__group.3543__Z9	108	3x3	4	5	1	0	explicit
2-2s2-2s1s1__min.411__Z4	18	3x3x6	16	20	4	0	explicit
2-2s2-2s2-2__group.3726__Z2	54	3x3x3	8	10	2	0	explicit
3s2-1s1__group.3914__Z16	192	2x2x2x2x2	20	24	4	0	explicit
2-2s2-2s1s1__min.411__Z14	18	3x3x3	8	10	2	0	explicit
2-2s2-2s1s1__min.411__Z17	18	3x3	4	5	1	0	explicit
3s2-1s1__group.3932__Z14	192	2x2x4x4	36	40	4	0	explicit
2-2s2-2s2-2__group.3535__Z5	108	3x3	4	5	1	0	explicit
3s2-1s1__group.4002__Z8	96	2x2x2x12	48	56	8	0	explicit
3s2-1s1__group.4012__Z1	96	2x2x2x4x4	72	80	8	0	explicit
3s2-1s1__group.3936__Z7	192	2x2x2x2x2x2x12	384	448	64	0	explicit
3s2-1s1__group.4032__Z20	96	2x2x4	10	12	2	0	explicit
3s2-1s1__group.4024__Z6	96	2x12	12	14	2	0	explicit
3s2-1s1__group.4024__Z11	96	2x2x2x12	40	44	4	0	explicit
2-2s2-2s2-2__group.3624__Z2	216	3x3	4	5	1	0	explicit
3s2-1s1__group.3914__Z25	192	2x2x2x2x2	20	24	4	0	explicit
2-2s2-2s2-2__group.3726__Z7	54	3x3x3	8	10	2	0	explicit
3s2-1s1__group.3932__Z11	192	2x2x4x4	36	40	4	0	explicit
2-2s2-2s1s1__min.411__Z15	18	3x6	8	10	2	0	explicit
2-2s2-2s2-2__group.3537__Z2	108	3x3x3	8	10	2	0	explicit
3s2-1s1__group.4012__Z10	96	2x4x4	18	20	2	0	explicit
3s2-1s1__group.4011__Z2	96	2x12	12	14	2	0	explicit
3s2-1s1__group.4034__Z16	96	2x2x2x2	10	12	2	0	explicit
2-2s2-2s1s1__min.411__Z20	18	3x3	4	5	1	0	explicit
3s2-1s1__group.4024__Z16	96	2x2x4x12	72	84	12	0	explicit
3s2-1s1__group.4002__Z2	96	2x2x12	24	28	4	0	explicit
3s2-1s1__group.4032__Z26	96	4x4	9	10	1	0	explicit
3s2-1s1__group.4024__Z7	96	4x12	18	20	2	0	explicit
2-2s2-2s2-2__group.3650__Z2	27	3x3x3x3	12	15	3	0	explicit
2-2s2-2s1s1__min.411__Z19	18	3x6	8	10	2	0	explicit
2-2s2-2s2-2__group.3540__Z2	108	3x3	4	5	1	0	explicit
3s2-1s1__group.3936__Z2	192	2x2x2x12	48	56	8	0	explicit
3s2-1s1__group.3914__Z20	192	2x2x2x2x2	20	24	4	0	explicit
2-2s2-2s2-2__group.3726__Z9	54	3x3x3x3	12	15	3	0	explicit
3s2-1s1__group.4011__Z6	96	2x12	12	14	2	0	explicit
3s2-1s1__group.4012__Z11	96	2x4x4	18	20	2	0	explicit
3s2-1s1__group.4034__Z20	96	2x2x2x2	10	12	2	0	explicit
2-2s2-2s1s1__min.411__Z5	18	3x3x6	16	20	4	0	explicit
3s2-1s1__group.4002__Z6	96	2x2x12	24	28	4	0	explicit
3s2-1s1__group.4024__Z17	96	2x2x12	24	28	4	0	explicit
3s2-1s1__group.4032__Z25	96	2x2x4	10	12	2	0	explicit
3s2-1s1__group.4024__Z9	96	2x12	12	14	2	0	explicit
3s2-1s1__group.3932__Z10	192	2x2x4x4	36	40	4	0	explicit
2-2s2-2s2-2__group.3722__Z2	54	3x3	4	5	1	0	explicit
3s2-1s1__group.4011__Z7	96	2x2x2x12	48	56	8	0	explicit
3s1s1s1__group.3853__Z14	96	2x2x2x2	8	9	1	0	explicit
3s2-1s1__group.3936__Z8	192	2x2x2x2x12	96	112	16	0	explicit
3s2-1s1__group.4034__Z25	96	2x2x2x2	10	12	2	0	explicit
3s2-1s1__group.4035__Z10	96	2x2x12	20	22	2	0	explicit
3s2-1s1__group.4012__Z14	96	2x4x4	18	20	2	0	explicit
3s2-1s1__group.4032__Z1	96	2x2x4x4	36	40	4	0	explicit
3s2-1s1__group.4035__Z29	96	2x12	10	11	1	0	explicit
3s2-1s1__group.4002__Z7	96	2x2x2x2x12	96	112	16	0	explicit
3s2-1s1__group.4032__Z29	96	4x4	9	10	1	0	explicit
3s2-1s1__group.4024__Z15	96	2x2x12	20	22	2	0	explicit
3s2-1s1__min.455__Z14	48	12	6	7	1	0	explicit
3s2-1s1__group.4035__Z1	96	2x2x2x12	40	44	4	0	explicit
3s2-1s1__group.4024__Z10	96	2x2x4x12	72	80	8	0	explicit
3s2-1s1__group.4032__Z7	96	2x2x4x4	36	40	4	0	explicit
3s2-1s1__group.4035__Z4	96	2x2x12	20	22	2	0	explicit
3s2-1s1__group.4032__Z16	96	2x2x4	10	12	2	0	explicit
3s2-1s1__min.455__Z6	48	2x12	10	11	1	0	explicit
3s2-1s1__group.4011__Z8	96	2x2x12	24	28	4	0	explicit
3s2-1s1__min.462__Z4	48	12	6	7	1	0	explicit
3s2-1s1__group.4035__Z13	96	2x2x2x12	48	56	8	0	explicit
3s2-1s1__group.4024__Z3	96	4x12	18	20	2	0	explicit
3s2-2s1__group.4113__Z3	144	3x6	8	10	2	0	explicit
3s2-2s1__group.4116__Z2	144	12	6	7	1	0	explicit
3s2-2s1__group.4145__Z8	144	2x2x12	24	28	4	0	explicit
3s2-1s1__min.455__Z17	48	12	6	7	1	0	explicit
3s2-1s1__group.4035__Z12	96	2x12	12	14	2	0	explicit
3s2-1s1__group.4035__Z7	96	2x2x2x12	40	44	4	0	explicit
3s2-1s1__min.461__Z10	48	2x4	5	6	1	0	explicit
3s2-1s1__min.462__Z7	48	12	6	7	1	0	explicit
3s2-2s1__group.4116__Z5	144	2x2x12	24	28	4	0	explicit
3s2-2s1__group.4158__Z7	24	2x2x6	8	16	8	0	explicit
3s2-1s1__group.4035__Z14	96	2x2x12	24	28	4	0	explicit
3s2-2s1__group.4162__Z27	24	12	6	7	1	0	explicit
3s2-2s1__group.4155__Z12	24	2x2	2	4	2	0	explicit
3s2-2s1__group.4113__Z4	144	2x6x12	48	56	8	0	explicit
3s2-1s1__min.455__Z2	48	2x12	10	11	1	0	explicit
3s2-2s1__group.4163__Z17	24	2x2	4	8	4	0	explicit
3s2-2s1__group.4162__Z23	24	12	6	7	1	0	explicit
3s2-2s1__group.4163__Z5	24	2x2x2	6	8	2	0	explicit
3s2-1s1__group.4051__Z10	96	2x2x2	6	8	2	0	explicit
3s2-1s1__min.461__Z1	48	4x4	9	10	1	0	explicit
3s2-1s1__group.4035__Z22	96	2x2x2x12	48	56	8	0	explicit
3s2-2s1__group.4263__Z4	36	3x3x3	8	10	2	0	explicit
3s2-2s1__group.4145__Z2	144	3x12	12	14	2	0	explicit
3s2-1s1__min.462__Z8	48	12	6	7	1	0	explicit
3s2-1s1__min.455__Z7	48	4x12	18	21	3	0	explicit
3s2-2s1__group.4159__Z7	24	2x2	2	4	2	0	explicit
3s2-2s1__group.4113__Z5	144	2x6x6	24	26	2	0	explicit
3s2-2s1__group.4163__Z11	24	2x2	3	4	1	0	explicit
3s2-1s1__group.4051__Z14	96	2x2x2	5	6	1	0	explicit
3s2-2s1__group.4163__Z2	24	2x2x2	6	8	2	0	explicit
3s2-2s1__group.4155__Z14	24	2x2	2	4	2	0	explicit
3s2-2s1__group.4162__Z4	24	6	4	8	4	0	explicit
3s2-1s1__min.461__Z14	48	2x4	5	6	1	0	explicit
3s2-2s1__group.4163__Z6	24	2x2	4	8	4	0	explicit
3s2-2s1__group.4145__Z3	144	2x6x12	48	56	8	0	explicit
3s2-2s1__group.4075__Z1	144	2x2x2x12	48	56	8	0	explicit
3s2-2s1__group.4277__Z3	48	2x2x2	4	8	4	0	explicit
3s2-1s1__group.4035__Z23	96	2x2x12	24	28	4	0	explicit
3s2-1s1__min.455__Z8	48	2x12	12	14	2	0	explicit
3s2-2s1__group.4116__Z10	144	12	6	7	1	0	explicit
3s2-2s1__group.4162__Z19	24	12	6	7	1	0	explicit
3s2-2s1__group.4163__Z16	24	2x2x2	6	8	2	0	explicit
3s2-1s1__min.462__Z1	48	12	6	7	1	0	explicit
3s2-2s1__group.4158__Z3	24	2x2x2x6	12	16	4	0	explicit
3s2-2s1__group.4163__Z24	24	2x2x2	6	8	2	0	explicit
3s2-2s1__group.4145__Z6	144	12	6	7	1	0	explicit
3s2-2s1__group.4075__Z4	144	2x12	12	14	2	0	explicit
3s2-2s1__group.4277__Z6	48	2x2x2x2x2	12	16	4	0	explicit
3s2-2s1__group.4162__Z7	24	2x12	12	14	2	0	explicit
3s2-2s1__group.4163__Z9	24	2x2x2	6	8	2	0	explicit
3s2-2s1__group.4283__Z14	48	2x2	3	4	1	0	explicit
3s2-2s1__group.4116__Z13	144	2x2x12	24	28	4	0	explicit
3s2-2s1__group.4162__Z17	24	6	4	8	4	0	explicit
3s2-2s1__group.4158__Z2	24	2x12	12	14	2	0	explicit
3s2-2s1__group.4283__Z25	48	2x2	3	4	1	0	explicit
3s2-2s1__group.4163__Z14	24	2x2	3	4	1	0	explicit
3s2-2s1__group.4163__Z25	24	2x2	3	4	1	0	explicit
3s2-2s1__group.4162__Z8	24	12	6	7	1	0	explicit
3s2-2s1__group.4216__Z1	288	2x2x2x2x12	96	112	16	0	explicit
3s2-2s1__group.4283__Z11	48	2x2	3	4	1	0	explicit
3s2-2s1__group.4283__Z9	48	2x2x2x2	12	16	4	0	explicit
3s2-2s1__group.4283__Z17	48	2x2	4	8	4	0	explicit
3s2-2s1__group.4285__Z6	48	2x2x2x2x2	20	32	12	0	explicit
3s2-2s1__group.4286__Z6	48	2x2x2x6	24	32	8	0	explicit
3s2-2s1__group.4324__Z5	72	2x12	12	14	2	0	explicit
3s2-2s1__group.4284__Z6	48	2x2x2x2	12	16	4	0	explicit
3s2-2s1__group.4162__Z22	24	2x12	12	14	2	0	explicit
3s2-2s1__group.4330__Z4	72	3x3x12	24	28	4	0	explicit
3s2-2s1__group.4216__Z4	288	2x12	12	14	2	0	explicit
3s2-2s1__group.4283__Z4	48	2x2	4	8	4	0	explicit
3s2-2s1__group.4163__Z4	24	2x2	4	8	4	0	explicit
3s2-2s1__group.4163__Z13	24	2x2x2	6	8	2	0	explicit
3s2-2s1__group.4162__Z6	24	2	2	4	2	0	explicit
3s2-2s1__group.4283__Z13	48	2x2x2x2	12	16	4	0	explicit
3s2-2s1__group.4284__Z15	48	2x2x2x2	12	16	4	0	explicit
3s2-2s1__group.4286__Z9	48	2x2x12	24	28	4	0	explicit
3s2-2s1__group.4285__Z7	48	2x2x2	6	8	2	0	explicit
3s2-2s1__group.4283__Z16	48	2x2x2	6	8	2	0	explicit
3s2-2s1__group.4325__Z1	72	6x12	24	28	4	0	explicit
3s2-2s1__group.4284__Z9	48	2x2x2	6	8	2	0	explicit
3s2-2s1__group.4330__Z9	72	3x3	4	5	1	0	explicit
3s2-2s1__group.4283__Z5	48	2x2x2	6	8	2	0	explicit
3s2-2s1__group.4343__Z7	96	2x2x2	6	8	2	0	explicit
3s3__group.4358__Z3	192	2x2x2x2x2	18	20	2	0	explicit
3s2-2s1__group.4284__Z16	48	2x2	3	4	1	0	explicit
3s2-2s1__group.4286__Z3	48	2x6	8	16	8	0	explicit
3s2-2s1__group.4311__Z3	72	3x6	8	10	2	0	explicit
3s2-2s1__group.4283__Z2	48	2x2x2	6	8	2	0	explicit
3s3__group.4400__Z1	96	2x2x4x4	21	22	1	0	explicit
3s2-2s1__group.4325__Z4	72	3x12	12	14	2	0	explicit
3s2-2s1__group.4284__Z7	48	2x2	3	4	1	0	explicit
4-1s1c1__group.4567__Z1	72	3x3x3x3	6	7	1	0	explicit
3s2-2s1__group.4343__Z3	96	2x2x2	8	16	8	0	explicit
4-1s1s1__group.4596__Z6	128	2x2x2x2x2x2	48	64	16	0	explicit
3s2-2s1__group.4283__Z6	48	2x2	4	8	4	0	explicit
3s2-2s1__min.463__Z12	12	2x6	4	8	4	0	explicit
3s2-2s1__group.4286__Z4	48	2x2x2x12	48	56	8	0	explicit
3s2-2s1__group.4311__Z5	72	6x6	12	13	1	0	explicit
3s3__group.4358__Z6	192	2x2x2x2	12	16	4	0	explicit
3s2-2s1__group.4330__Z13	72	3x12	12	14	2	0	explicit
3s2-2s1__group.4284__Z2	48	2x2x2	6	8	2	0	explicit
4-1s1s1__group.4595__Z4	128	2x2x2x2x2	24	32	8	0	explicit
3s3__group.4400__Z10	96	2x2x2x4	13	14	1	0	explicit
3s2-2s1__group.4285__Z2	48	2x2x2x2	12	16	4	0	explicit
3s2-2s1__group.4283__Z24	48	2x2x2x2	12	16	4	0	explicit
3s2-2s1__group.4343__Z2	96	2x2x2x2	12	16	4	0	explicit
4-1s1s1__group.4587__Z1	1152	6x6	16	20	4	0	explicit
4-1s1s1__group.4608__Z10	128	2x2x2x2x4	40	48	8	0	explicit
3s2-2s1__group.4284__Z10	48	2x2	4	8	4	0	explicit
3s2-2s1__min.463__Z14	12	2x2	2	4	2	0	explicit
3s2-2s1__group.4284__Z3	48	2x2	4	8	4	0	explicit
3s2-2s1__group.4330__Z3	72	3x3x3	8	10	2	0	explicit
3s2-2s1__group.4286__Z5	48	2x12	12	14	2	0	explicit
3s2-2s1__group.4324__Z2	72	12	6	7	1	0	explicit
3s3__group.4387__Z1	576	2x2x4x4	21	22	1	0	explicit
3s2-2s1__group.4285__Z3	48	2x2x2	8	16	8	0	explicit
4-1s1c1__group.4466__Z1	144	3x3x3x3	6	7	1	0	explicit
4-1s1s1__group.4596__Z11	128	2x2x2x2x2	24	32	8	0	explicit
4-1s1s1__group.4587__Z2	1152	3x3	4	5	1	0	explicit
4-1s1s1__group.4608__Z9	128	2x2x2x4x4	72	80	8	0	explicit
3s2-2s1__min.463__Z2	12	12	6	7	1	0	explicit
3s2-2s1__group.4343__Z6	96	2x2x2x2x2x2	40	64	24	0	explicit
4-1s1s1__group.4608__Z12	128	2x2x4x4	36	40	4	0	explicit
3s3__group.4399__Z10	96	2x2x2x2	9	10	1	0	explicit
4-1s1s1__group.4632__Z9	128	2x2x2x2x2x2x2x2	33	37	4	0	explicit
4-1s1s1__group.4635__Z15	128	2x2x2x2x2x2	25	30	5	0	explicit
4-1s1s1__group.4632__Z15	128	2x2x2x2	8	9	1	0	explicit
4-1s1c1__group.4497__Z1	288	3x3x3x3	5	6	1	0	explicit
4-1s1s1__group.4817__Z1	576	3x6	8	10	2	0	explicit
4-1s1s1__group.4822__Z19	64	2x2x2x2	9	10	1	0	explicit
4-1s1s1__group.4595__Z6	128	2x2x2x2x2	24	32	8	0	explicit
4-1s1s1__group.4700__Z3	256	2x2x2x2x2x2x2	72	80	8	0	explicit
4-1s1s1__group.4595__Z11	128	2x2x2x2	12	16	4	0	explicit
3s3__group.4399__Z6	96	2x2x2	6	8	2	0	explicit
3s3__group.4358__Z10	192	2x2x2x2x2	18	20	2	0	explicit
4-1s1s1__group.4632__Z5	128	2x2x2x2x2x2x2x2	29	37	8	0	explicit
4-1s1s1__group.4822__Z31	64	2x2x2x2x2	18	20	2	0	explicit
4-1s1s1__group.4635__Z8	128	2x2x2x2x2	18	20	2	0	explicit
4-1s1s1__group.4632__Z20	128	2x2x2x2x2x2x2	42	48	6	0	explicit
4-1s1s1__group.4608__Z4	128	2x2x2x2x4	40	48	8	0	explicit
4-1s1c1__group.4544__Z1	576	3x3x3x3	5	6	1	0	explicit
4-1s1s1__group.4817__Z4	576	3x3	4	5	1	0	explicit
4-1s1s1__group.4608__Z1	128	2x2x2x2x2x4x4	288	320	32	0	explicit
4-1s1s1__group.4822__Z22	64	2x2x2x2x2	13	14	1	0	explicit
4-1s1s1__group.4595__Z10	128	2x2x2x2x2	24	32	8	0	explicit
4-1s1s1__group.4596__Z10	128	2x2x2x2x2x2	48	64	16	0	explicit
4-1s1s1__group.4700__Z8	256	2x2x2x2x2x2x2	72	80	8	0	explicit
4-1s1s1__group.4635__Z10	128	2x2x2x2x2x2	24	28	4	0	explicit
4-1s1s1__group.4822__Z32	64	2x2x2x2x2	18	20	2	0	explicit
4-1s1s1__group.4632__Z16	128	2x2x2x2x2x2	26	30	4	0	explicit
4-1s1s1__group.4817__Z3	576	3x6	8	10	2	0	explicit
4-1s1s1__group.4635__Z3	128	2x2x2x2x2	18	20	2	0	explicit
4-1s1s1__group.4856__Z4	64	2x2x2x2x2x2x2x2x2	70	102	32	0	explicit
4-1s1s1__group.4608__Z7	128	2x2x2x2x2x4x4	288	320	32	0	explicit
4-1s1s1__group.4856__Z17	64	2x2x2x2x2x2x2x2	35	51	16	0	explicit
4-1s1s1__group.4608__Z3	128	2x2x2x4x4	72	80	8	0	explicit
4-1s1s1__group.4822__Z20	64	2x2x2x2	10	12	2	0	explicit
4-1s1s1__group.4700__Z9	256	2x2x2x2x2	18	20	2	0	explicit
4-1s1s1__group.4857__Z12	64	2x2x2x2x4	30	36	6	0	explicit
4-1s1s1__group.4857__Z21	64	2x2x4x4	36	40	4	0	explicit
4-1s1s1__group.4635__Z18	128	2x2x2x2x2x2	27	30	3	0	explicit
4-1s1s1__group.4635__Z5	128	2x2x2x2x2	16	20	4	0	explicit
4-1s1s1__group.4822__Z5	64	2x2x2x2x2x2	18	24	6	0	explicit
4-1s1s1__group.4596__Z4	128	2x2x2x2x2x2	48	64	16	0	explicit
4-1s1s1__group.4856__Z7	64	2x2x2x2	5	6	1	0	explicit
4-1s1s1__group.4608__Z6	128	2x2x2x2x4	40	48	8	0	explicit
4-1s1s1__group.4822__Z10	64	2x2x2x2x2x2	25	28	3	0	explicit
4-1s1s1__group.4856__Z18	64	2x2x2x2	10	12	2	0	explicit
4-1s1s1__group.4632__Z21	128	2x2x2x2x2x2x2	42	48	6	0	explicit
4-1s1s1__group.4857__Z20	64	2x2x4x4	30	32	2	0	explicit
4-1s1s1__group.4822__Z26	64	2x2x2x2x2	16	18	2	0	explicit
4-1s1s1__group.4857__Z24	64	2x4x4	18	20	2	0	explicit
4-1s1s1__group.4856__Z6	64	2x2x2x2x2x2x2	22	30	8	0	explicit
4-1s1s1__group.4700__Z5	256	2x2x2x2x2x2x2	56	72	16	0	explicit
4-1s1s1__group.4635__Z13	128	2x2x2x2x2x2	30	32	2	0	explicit
4-1s1s1__group.4636__Z5	128	2x2x2x2x2	16	20	4	0	explicit
4-1s1s1__group.4822__Z18	64	2x2x2x2x2	13	14	1	0	explicit
4-1s1s1__group.4632__Z10	128	2x2x2x2x2x2x2x2	33	37	4	0	explicit
4-1s1s1__group.4856__Z11	64	2x2x2x2x2x2x2	22	30	8	0	explicit
4-1s1s1__group.4857__Z19	64	2x2x2x2x4x4	108	120	12	0	explicit
4-1s1s1__group.4860__Z7	64	2x2x4x4	36	40	4	0	explicit
4-1s1s1__group.4857__Z13	64	2x2x2x2x4x4	108	120	12	0	explicit
4-1s1s1__group.4632__Z3	128	2x2x2x2x2x2x2x2x2x2x2	166	214	48	0	explicit
4-1s1s1__group.4856__Z25	64	2x2x2x2x2x2	28	40	12	0	explicit
4-1s1s1__group.4857__Z10	64	2x2x2x4	20	24	4	0	explicit
4-1s1s1__group.4822__Z3	64	2x2x2x2x2x2x2x2	76	88	12	0	explicit
4-1s1s1__group.4817__Z2	576	3x3	4	5	1	0	explicit
4-1s1s1__group.4857__Z7	64	2x2x2x4x4	72	80	8	0	explicit
4-1s1s1__group.4857__Z15	64	2x2x2x4x4	54	60	6	0	explicit
4-1s1s1__group.4860__Z8	64	2x4x4	18	20	2	0	explicit
4-1s1s1__group.4867__Z12	64	2x2x2x2x2x2	32	40	8	0	explicit
4-1s1s1__group.4856__Z12	64	2x2x2x2x2x2x2	22	30	8	0	explicit
4-1s1s1__group.4857__Z2	64	2x2x4x4	36	40	4	0	explicit
4-1s1s1__group.4867__Z6	64	2x2x2x2x2x2	32	40	8	0	explicit
4-1s1s1__min.498__Z31	32	2x2x2x2	12	16	4	0	explicit
4-1s1s1__group.4856__Z19	64	2x2x2x2x2	20	24	4	0	explicit
4-1s1s1__group.4867__Z25	64	2x2x2x4	18	24	6	0	explicit
4-1s1s1__min.498__Z37	32	2x2x2x2x2	15	18	3	0	explicit
4-1s2-1__group.4992__Z14	128	2x2x2x2x2x2	27	28	1	0	explicit
4-1s1s1__group.4860__Z2	64	2x4x4	18	20	2	0	explicit
4-1s1s1__min.498__Z7	32	2x2x2	6	8	2	0	explicit
4-1s1s1__group.4857__Z16	64	2x2x2x2x4	30	36	6	0	explicit
4-1s1s1__group.4857__Z4	64	2x2x2x4	20	24	4	0	explicit
4-1s1s1__group.4857__Z1	64	2x2x2x4x4	72	80	8	0	explicit
4-1s1s1__min.498__Z11	32	2x2x2x2x2	16	20	4	0	explicit
4-1s1s1__group.4857__Z22	64	2x2x2x2x4	30	36	6	0	explicit
4-1s1s1__group.4867__Z19	64	2x2x2x2x2x2x2	56	72	16	0	explicit
4-1s1s1__min.498__Z20	32	2x2x2x2x2x2	32	40	8	0	explicit
4-1s1s1__group.4867__Z36	64	2x2x2x2x2	20	24	4	0	explicit
4-1s1s1__group.4856__Z24	64	2x2x2x2x2x2	28	40	12	0	explicit
4-1s1s1__min.498__Z38	32	2x2x2x4	13	15	2	0	explicit
4-1s2-1__group.4993__Z5	128	2x2x2x2x2x2	24	28	4	0	explicit
4-1s2-1__group.4992__Z17	128	2x2x2	5	6	1	0	explicit
4-1s1s1__min.499__Z25	32	2x2x4	7	8	1	0	explicit
4-1s1s1__group.4860__Z6	64	2x2x4	10	12	2	0	explicit
4-1s1s1__group.4857__Z6	64	2x2x2x4	20	24	4	0	explicit
4-1s1s1__group.4857__Z18	64	2x2x2x2x4	30	36	6	0	explicit
4-1s2-1__group.5195__Z5	64	2x2x2x2x2	13	14	1	0	explicit
4-1s1s1__min.498__Z12	32	2x2x2x2x2	16	20	4	0	explicit
4-1s1s1__min.498__Z25	32	2x2x4	8	9	1	0	explicit
4-1s1s1__group.4867__Z20	64	2x2x4	8	9	1	0	explicit
4-1s1s1__group.4867__Z37	64	2x2x2x2x2	20	24	4	0	explicit
4-1s1s1__min.499__Z32	32	2x2x4x4	18	19	1	0	explicit
4-1s2-1__group.5256__Z6	64	2x2x2x2	12	16	4	0	explicit
4-1s1s1__min.498__Z39	32	2x2x4x4	22	24	2	0	explicit
4-1s2-1__group.4992__Z5	128	2x2x2x2x2x2	24	28	4	0	explicit
4-1s2-1__min.505__Z3	128	2x2x2x2x2	18	20	2	0	explicit
4-1s1s1__group.4867__Z11	64	2x2x2x2x2x2	32	40	8	0	explicit
4-1s2-1__group.5077__Z5	256	2x2x2x2x2x2x2	72	80	8	0	explicit
4-1s1s1__min.498__Z22	32	2x2x2x4	13	14	1	0	explicit
4-1s1s1__group.4860__Z1	64	2x2x4x4	36	40	4	0	explicit
4-1s1s1__min.498__Z35	32	2x2x4x4	25	26	1	0	explicit
4-1s2-2__group.5492__Z1	192	2x2x2x2x2x2	7	8	1	0	explicit
4-1s2-1__group.5256__Z13	64	2x2x2x2x2	24	32	8	0	explicit
4-1s1s1__min.499__Z6	32	2x2	3	6	3	0	explicit
4-1s1s1__group.4867__Z30	64	2x2x2x2x2	24	32	8	0	explicit
4-1s2-1__group.4992__Z8	128	2x2x2x2x2x2	30	32	2	0	explicit
4-1s2-1__min.505__Z4	128	2x2x2	5	6	1	0	explicit
4-1s2-1__group.5077__Z6	256	2x2x2x2	10	12	2	0	explicit
4-1s2-2__group.5495__Z6	192	2x2x2	6	8	2	0	explicit
4-1s2-2__group.5492__Z3	192	2x2x2x2x2x2	7	8	1	0	explicit
4-1s1s1__min.498__Z4	32	2x2x2x2x2x2	32	40	8	0	explicit
4-1s2-2__group.5636__Z2	384	2x2x2x2	12	16	4	0	explicit
4-1s1s1__min.498__Z32	32	2x2x2x2	12	16	4	0	explicit
4-1s1s1__min.498__Z23	32	2x2x4	9	12	3	0	explicit
4-1s1s1__group.4867__Z4	64	2x2x2x2x2x2x2x2	112	144	32	0	explicit
4-1s2-1__group.5256__Z17	64	2x2x2x4	18	24	6	0	explicit
4-1s2-1__group.5117__Z1	32	2x2x2x2	9	12	3	0	explicit
4-1s2-1__group.4985__Z4	128	2x2x2x2	8	9	1	0	explicit
4-1s2-1__group.4992__Z9	128	2x2x2x2x2x2	25	28	3	0	explicit
4-1s1s1__group.4867__Z31	64	2x2x2x2x2	24	32	8	0	explicit
4-1s2-2__group.5492__Z2	192	2x2x2x2x2	8	10	2	0	explicit
4-1s2-1__group.5256__Z7	64	2x2x2x2x2	24	32	8	0	explicit
4-1s2-2__group.5495__Z3	192	2x2x2x2	5	6	1	0	explicit
4-1s2-2__group.5636__Z3	384	2x2x2x2x2x2	15	22	7	0	explicit
4-1s1s1__min.498__Z6	32	2x2x2x2x2	16	20	4	0	explicit
4-1s2-1__min.526__Z1	64	2x2x2x2x2x2	28	32	4	0	explicit
4-1s1s1__group.4867__Z7	64	2x2x2	6	8	2	0	explicit
4-1s2-1__group.5117__Z11	32	2x2x4	7	8	1	0	explicit
4-1s2-2__group.5854__Z1	96	2x2x2x2x2x2	7	8	1	0	explicit
4-1s2-1__group.5256__Z10	64	2x2x2x4	18	24	6	0	explicit
4-1s2-2__group.5652__Z2	48	2x4	4	5	1	0	explicit
4-1s2-2__group.5495__Z1	192	2x2x2x2	5	6	1	0	explicit
4-1s2-2__group.5495__Z7	192	2x2x2x2	5	6	1	0	explicit
4-2s1s1__group.6085__Z4	144	2x2x2	5	6	1	0	explicit
4-2s1s1__group.6087__Z4	144	2x4	5	6	1	0	explicit
4-1s2-1__min.526__Z16	64	2x2x2x2	8	10	2	0	explicit
4-1s2-2__group.5651__Z2	48	2x2	3	4	1	0	explicit
4-1s2-1__group.5256__Z21	64	2x2	4	8	4	0	explicit
4-1s2-2__group.5854__Z2	96	2x2x2x2	4	5	1	0	explicit
4-2s1s1__group.6069__Z4	144	2x2	3	4	1	0	explicit
4-1s2-1__group.5256__Z4	64	2x2x2	6	8	2	0	explicit
4-2s1s1__group.6289__Z6	72	2x2	3	4	1	0	explicit
4-2s1s1__group.6289__Z10	72	2x2	3	4	1	0	explicit
4-1s2-2__group.5495__Z4	192	2x2x2x2	5	6	1	0	explicit
4-1s2-2__group.5495__Z8	192	2x2x2	6	8	2	0	explicit
4-2s1s1__group.6290__Z8	72	2x6	6	8	2	0	explicit
4-2s1s1__group.6130__Z2	288	2x4	5	6	1	0	explicit
4-2s1s1__group.6085__Z6	144	2x2x2	6	8	2	0	explicit
4-1s2-1__min.526__Z2	64	2x2x2x2x2	18	20	2	0	explicit
4-1s2-2__group.5771__Z1	96	2x2x2x2	6	8	2	0	explicit
4-2s1s1__group.6069__Z2	144	2x2	3	4	1	0	explicit
4-2s1s1__group.6009__Z1	144	4x4	9	10	1	0	explicit
4-1s2-2__group.5651__Z1	48	2x2x2x2	6	8	2	0	explicit
4-1s2-1__group.5256__Z8	64	2x2x2	6	8	2	0	explicit
4-2s1s1__group.6289__Z2	72	2x2	3	4	1	0	explicit
4-2s2-2__group.6640__Z3	108	3x3	4	5	1	0	explicit
4-2s1s1__group.6290__Z10	72	2x2	3	4	1	0	explicit
4-2s1s1__group.6130__Z1	288	2x2x4x4	36	40	4	0	explicit
4-2s1s1__group.6087__Z2	144	2x4	5	6	1	0	explicit
4-1s2-2__group.5636__Z1	384	2x2x2x2	5	6	1	0	explicit
4-2s1s1__group.6290__Z6	72	2x6	6	8	2	0	explicit
4-1s2-2__group.5771__Z2	96	2x2	3	4	1	0	explicit
4-2s2-2__group.6803__Z10	216	3x3	4	5	1	0	explicit
4-2s1s1__group.6069__Z10	144	2x2	3	4	1	0	explicit
4-2s1s1__group.6069__Z8	144	2x2	3	4	1	0	explicit
4-2s2-2__min.610__Z10	108	3x3	4	5	1	0	explicit
4-2s2-2__group.6769__Z3	216	3x3	4	5	1	0	explicit
4-2s1s1__group.6290__Z2	72	2x2	3	4	1	0	explicit
4-2s1s1__group.6289__Z12	72	2x2	3	4	1	0	explicit
4-1s2-2__group.5652__Z1	48	2x2x2x2	6	8	2	0	explicit
4-2s1s1__group.6087__Z3	144	2x4x4	18	20	2	0	explicit
4-2s2-2__group.6633__Z5	108	3x3	4	5	1	0	explicit
4-2s2-2__group.6803__Z7	216	3x3	4	5	1	0	explicit
4-2s1s1__group.6131__Z2	288	2x2	3	4	1	0	explicit
4-2s1s1__group.6069__Z12	144	2x2	3	4	1	0	explicit
5-1s1__group.7361__Z1	320	4x4	9	10	1	0	explicit
4-2s2-2__min.610__Z6	108	3x3	4	5	1	0	explicit
4-1s2-2__group.5789__Z1	96	2x2x2x2	6	8	2	0	explicit
4-2s2-2__group.6779__Z3	216	3x3	4	5	1	0	explicit
4-2s1s1__group.6290__Z4	72	2x6	6	8	2	0	explicit
4-2s1s1__group.6289__Z8	72	2x2	3	4	1	0	explicit
4-2s1s1__group.6087__Z1	144	2x4x4	18	20	2	0	explicit
4-2s1s1__group.6069__Z6	144	2x2	3	4	1	0	explicit
4-2s2-2__group.6634__Z4	108	3x3	4	5	1	0	explicit
4-2s2-2__group.6949__Z4	432	3x3	4	5	1	0	explicit
4-2s1s1__group.6137__Z2	288	2x2x2	6	8	2	0	explicit
5-1s1__group.7361__Z5	320	4x4	9	10	1	0	explicit
5-1s1__group.7379__Z4	640	2x2	3	4	1	0	explicit
4-1s2-1__group.5256__Z9	64	2x2x2x4	18	24	6	0	explicit
5-1s1__group.7347__Z1	160	2x20	10	12	2	0	explicit
5-2s1__group.7404__Z3	240	2x2	3	4	1	0	explicit
4-1s2-2__group.5789__Z2	96	2x2	3	4	1	0	explicit
4-2s2-2__group.6802__Z7	216	3x3	4	5	1	0	explicit
4-2s1s1__group.6289__Z4	72	2x2	3	4	1	0	explicit
4-2s1s1__group.6290__Z12	72	2x2	3	4	1	0	explicit
4-2s1s1__group.6085__Z2	144	2x2x2	5	6	1	0	explicit
4-2s2-2__group.6635__Z3	108	3x3x3	8	10	2	0	explicit
4-2s2-2__group.6970__Z4	54	3x3x3	8	10	2	0	explicit
5-1s1__group.7361__Z4	320	2x4	5	6	1	0	explicit
5-1s1__min.649__Z6	80	10	4	6	2	0	explicit
5-1s1__group.7347__Z5	160	10	4	6	2	0	explicit
4-2s2-2__group.6802__Z9	216	3x3	4	5	1	0	explicit
4-2s2-2__group.6971__Z5	54	3x3x3	8	10	2	0	explicit
6-3__group.7622__Z1	168	2x2	3	4	1	0	explicit
5-2s1__group.7404__Z6	240	2x2	3	4	1	0	explicit
5-2s1__group.7388__Z3	120	2x2	3	4	1	0	explicit
5-1s1__group.7363__Z2	320	2x2x2x2	9	10	1	0	explicit
5-1s1__group.7348__Z4	160	2x2x2	5	6	1	0	explicit
5-2s1__group.7388__Z6	120	2x2	3	4	1	0	explicit
5-1s1__group.7363__Z4	320	2x2x2	5	6	1	0	explicit
6-3__group.7624__Z2	336	2	2	4	2	0	explicit
5-2s1__group.7391__Z5	120	2x2	3	4	1	0	explicit
6-3__group.7626__Z1	336	2x2	3	4	1	0	explicit
6-3__group.7624__Z1	336	2	2	4	2	0	explicit
6-1__min.656__Z1	96	2x2	3	4	1	0	explicit
6-1__group.7432__Z1	192	2x2x2	6	8	2	0	explicit
6-2__group.7501__Z2	108	3x3	3	4	1	0	explicit
6-1__group.7432__Z3	192	2x2	3	4	1	0	explicit
6-1__min.656__Z4	96	2x2	3	4	1	0	explicit
6-1__min.656__Z2	96	2x2	3	4	1	0	explicit
6-1__group.7432__Z2	192	2x2	3	4	1	0	explicit
6-2__group.7530__Z3	162	3x3	4	5	1	0	explicit
6-1__min.656__Z3	96	2x2	3	4	1	0	explicit
6-1__group.7457__Z3	240	1	1	2	1	0	trivial
6-2__group.7501__Z1	108	3x3	3	4	1	0	explicit
6-2__group.7615__Z3	81	3x3	4	5	1	0	explicit
6-3__group.7621__Z2	168	2	2	4	2	0	explicit
6-3__group.7621__Z1	168	2	2	4	2	0	explicit
6-1__group.7457__Z1	240	2	2	4	2	0	explicit
6-1__group.7457__Z2	240	2	2	4	2	0	explicit
6-1__group.7465__Z2	384	2x2x2x2	8	9	1	0	explicit
6-1__group.7488__Z2	768	2x2x2	5	6	1	0	explicit
