1c1c1c1__group.26__Z1	2	1	1	1	0	0	trivial
1c1s1c1__group.28__Z3	4	1	1	1	0	0	trivial
1c1c1c1__min.15__Z1	1	1	1	1	0	0	trivial
1c1s1s1__min.19__Z1	4	2x2x2x2	6	6	0	1	explicit
1c1s1c1__min.18__Z1	2	2x2	2	2	0	0	explicit
1c1c1s1__group.27__Z1	4	2x2x2x2	4	4	0	1	explicit
1c1s1s1__min.19__Z2	4	2x2	4	4	0	1	explicit
1c1s1c1__min.18__Z2	2	2	2	2	0	0	explicit
1c1s1s1__min.19__Z3	4	2x2	2	2	0	1	explicit
1c1s1c1__min.18__Z3	2	1	1	1	0	0	trivial
1c1c1s1__group.27__Z2	4	2x2	2	2	0	1	explicit
1c1c1s1__min.16__Z1	2	2x2x2	2	2	0	1	explicit
1c1s1s1__min.19__Z4	4	2	2	2	0	1	explicit
1c1s1s1__group.29__Z1	8	2x2x2x2x2x2x2x2	46	46	0	1	explicit
1c1c1s1__min.16__Z2	2	2x2	2	2	0	1	explicit
1c1s1s1__min.20__Z5	4	2x2x2x2	7	7	0	1	explicit
1c1s1s1__min.19__Z5	4	2x2	3	3	0	1	explicit
1s1s1s1__group.31__Z12	8	2x2x2x2x2	10	10	0	1	explicit
1c1c1s1__min.17__Z1	2	2	2	2	0	1	explicit
1c1s1s1__min.19__Z6	4	1	1	1	0	1	trivial
1s1s1s1__min.22__Z1	4	2x2x2x2x2	10	10	0	0	explicit
1s1s1s1__group.32__Z10	8	2x2x2	6	6	0	1	explicit
1c1c1s1__min.17__Z2	2	1	1	1	0	1	trivial
1s1s1s1__group.32__Z9	8	2x2x2	6	6	0	1	explicit
1c1s1s1__group.29__Z2	8	2x2x2x2x2	24	24	0	1	explicit
1c1s1c1__group.28__Z1	4	2x2x2x2	3	3	0	0	explicit
1c1s1s1__min.20__Z1	4	2x2x2x2x2x2	13	13	0	1	explicit
1s1s1s1__group.30__Z2	16	2x2x2x2x2x2x2x2	88	88	0	1	explicit
1s1s1s1__min.22__Z10	4	2	2	2	0	0	explicit
1c1s1s1__group.29__Z3	8	2x2x2x2x2	8	8	0	1	explicit
1c1s1s1__min.20__Z2	4	2x2x2x2	12	12	0	1	explicit
1s1s1s1__group.33__Z1	8	2x2x2x2x2x2x2x2	19	19	0	0	explicit
1s1s1s1__group.31__Z2	8	2x2x2x2x2	24	24	0	1	explicit
1c1s1s1__min.20__Z6	4	2x2	3	3	0	1	explicit
2-1s1c1__min.25__Z2	4	2x4	4	4	0	0	explicit
1c1s1c1__group.28__Z2	4	2x2	3	3	0	0	explicit
1s1s1s1__group.32__Z11	8	2x2x2	6	6	0	1	explicit
1c1s1s1__min.20__Z3	4	2x2x2x2	4	4	0	1	explicit
2-1s1c1__min.26__Z1	4	1	1	1	0	0	trivial
1s1s1s1__min.22__Z7	4	2x2x2	4	4	0	0	explicit
1s1s1s1__min.22__Z11	4	2	2	2	0	0	explicit
2-1s1c1__min.26__Z2	4	1	1	1	0	0	trivial
1c1s1s1__group.29__Z4	8	2x2x2	5	5	0	1	explicit
1c1s1s1__min.20__Z4	4	2x2x2	5	5	0	1	explicit
1s1s1s1__group.30__Z3	16	2x2x2x2x2	16	16	0	1	explicit
2-1s1s1__group.39__Z1	16	2x2x2x2x2x2	36	36	0	1	explicit
1s1s1s1__group.31__Z3	8	2x2x2x2x2	20	20	0	1	explicit
1c1s1s1__min.21__Z1	4	2x2x2x2x2	16	16	0	1	explicit
1s1s1s1__min.22__Z12	4	2x2x2	4	4	0	0	explicit
1s1s1s1__min.22__Z8	4	2x2x2	6	6	0	0	explicit
1s1s1s1__group.33__Z2	8	2x2x2x2x2	14	14	0	0	explicit
1c1s1s1__group.29__Z5	8	2x2x2x2x2	14	14	0	1	explicit
1s1s1s1__min.22__Z13	4	1	1	1	0	0	trivial
2-1s1s1__group.39__Z2	16	2x2x2x2	16	16	0	1	explicit
1s1s1s1__group.32__Z12	8	2x2x2x2x2x2	16	16	0	1	explicit
1s1s1s1__min.22__Z9	4	2	2	2	0	0	explicit
1c1s1s1__group.29__Z6	8	2x2	3	3	0	1	explicit
1s1s1s1__min.22__Z2	4	2x2x2	6	6	0	0	explicit
1s1s1s1__group.33__Z3	8	2x2x2	4	4	0	0	explicit
1s1s1s1__group.31__Z4	8	2x2x2	8	8	0	1	explicit
2-1c2-1__min.24__Z1	8	2x2	2	4	2	0	explicit
2-1s1s1__group.39__Z3	16	2x2x2	6	6	0	1	explicit
1s1s1s1__group.30__Z4	16	2x2x2	3	3	0	1	explicit
2-1c2-1__min.24__Z2	8	2x2	3	6	3	0	explicit
1s1s1s1__min.22__Z3	4	2x2	2	2	0	0	explicit
2-1c2-1__min.24__Z3	8	1	1	2	1	0	trivial
1s1s1s1__group.33__Z4	8	2x2x2	3	3	0	0	explicit
2-1pc2-1p__min.23__Z1	4	1	1	2	1	0	trivial
2-1s1s1__group.39__Z4	16	2x2	3	3	0	1	explicit
1c1s1s1__min.21__Z2	4	2x2x2	6	6	0	1	explicit
1s1s1s1__group.31__Z5	8	2x2x2	4	4	0	1	explicit
2-1s1s1__group.41__Z4	16	2x2x2	8	8	0	1	explicit
1s1s1s1__group.32__Z2	8	2x2x2x2x2x2	40	40	0	1	explicit
1s1s1s1__min.22__Z4	4	2x2x2	6	6	0	0	explicit
2-1s1c1__group.35__Z2	8	2x2	3	3	0	0	explicit
2-1s1s1__group.39__Z5	16	2x2x2	6	6	0	1	explicit
2-1s1c1__group.34__Z1	16	2x2x2x2x2x2	20	20	0	1	explicit
1c1s1s1__min.21__Z3	4	2x2x2	8	8	0	1	explicit
2-1s1s1__group.41__Z5	16	2x2	4	4	0	1	explicit
2-1s1c1__group.36__Z1	8	2x4x4	6	6	0	1	explicit
1s1s1s1__group.33__Z5	8	2x2x2x2x2	10	10	0	0	explicit
1s1s1s1__group.31__Z6	8	2x2	2	2	0	1	explicit
1s1s1s1__min.22__Z5	4	2x2	4	4	0	0	explicit
1c1s1s1__min.21__Z4	4	2x2x2	4	4	0	1	explicit
1s1s1s1__group.32__Z3	8	2x2x2x2	8	8	0	1	explicit
2-1s1s1__group.40__Z1	16	2x2x2x2x2x2x2	128	128	0	1	explicit
2-1s1c1__group.36__Z2	8	2x4	4	4	0	1	explicit
2-1s1s1__group.41__Z6	16	2x2x2	8	8	0	1	explicit
1s1s1s1__group.30__Z5	16	2x2x2x2x2x2x2x2	60	60	0	1	explicit
2-1s1c1__group.34__Z2	16	2x2x2x2	9	9	0	1	explicit
1c1s1s1__min.21__Z5	4	2x2	3	3	0	1	explicit
1s1s1s1__min.22__Z6	4	2x2	2	2	0	0	explicit
1s1s1s1__group.33__Z6	8	2x2	3	3	0	0	explicit
2-1s1c1__group.37__Z1	8	2x2x2x2x2	10	10	0	1	explicit
2-1s1c1__group.35__Z1	8	2x2x2	4	4	0	0	explicit
2-1s1s1__group.40__Z2	16	2x2x2x2x2	32	32	0	1	explicit
1s1s1s1__group.31__Z7	8	2x2x2x2x2	24	24	0	1	explicit
2-1s1c1__group.37__Z2	8	2x2x2x2	9	9	0	1	explicit
1s1s1s1__group.32__Z4	8	2x2x2x2x2x2	36	36	0	1	explicit
2-1s1s1__group.40__Z3	16	2x2x2x2x2	32	32	0	1	explicit
2-1s1s1__group.41__Z7	16	2x2x2x2x2x2	64	64	0	1	explicit
1c1s1s1__min.21__Z6	4	2x2x2	6	6	0	1	explicit
2-1s1c1__group.38__Z1	8	2x2x2	4	4	0	1	explicit
1s1s1s1__group.33__Z7	8	2x2	3	3	0	0	explicit
2-1s1s1__group.40__Z4	16	2x2x2x2	16	16	0	1	explicit
1c1s1s1__min.21__Z7	4	2	2	2	0	1	explicit
2-1s1c1__group.38__Z2	8	2x2	3	3	0	1	explicit
1s1s1s1__group.31__Z8	8	2x2x2x2x2	10	10	0	1	explicit
2-1s1c1__group.38__Z3	8	2x2x2	4	4	0	1	explicit
1s1s1s1__group.30__Z6	16	2x2x2x2	6	6	0	1	explicit
1s1s1s1__group.32__Z5	8	2x2x2x2	12	12	0	1	explicit
2-1s1s1__group.40__Z5	16	2x2x2	8	8	0	1	explicit
1s1s1s1__group.33__Z8	8	2x2x2x2x2	6	6	0	0	explicit
2-1s1s1__group.41__Z8	16	2x2x2x2	16	16	0	1	explicit
1s1s1s1__group.33__Z9	8	1	1	1	0	0	trivial
2-1s1c1__group.38__Z4	8	2x2	3	3	0	1	explicit
1s1s1s1__group.31__Z9	8	2x2	4	4	0	1	explicit
2-1s1c1__min.25__Z1	4	4x4	3	3	0	0	explicit
2-1s1s1__group.40__Z6	16	2x2x2x2	16	16	0	1	explicit
2-1s1s1__group.41__Z1	16	2x2x2x2x2x2	64	64	0	1	explicit
2-1s1s1__group.41__Z9	16	2x2x2x2	16	16	0	1	explicit
2-1s1s1__group.41__Z10	16	2x2x2	8	8	0	1	explicit
1s1s1s1__group.32__Z6	8	2x2x2	4	4	0	1	explicit
1s1s1s1__group.30__Z7	16	2x2x2x2	9	9	0	1	explicit
1s1s1s1__group.32__Z1	8	2x2x2x2x2x2x2x2x2	104	104	0	1	explicit
2-1s1s1__group.43__Z7	16	2x2x2x2	16	16	0	1	explicit
2-1s1s1__group.41__Z11	16	2x2	4	4	0	1	explicit
2-1s1s1__group.42__Z5	16	2x2	4	4	0	1	explicit
2-1s1s1__group.45__Z3	32	2x2x2x2x2	24	24	0	1	explicit
2-1s1s1__group.42__Z1	16	2x2x2x2x2x4	96	96	0	1	explicit
2-1s1s1__group.43__Z8	16	2x2x2x2	12	12	0	1	explicit
2-1s1s1__group.41__Z12	16	2x2x2	8	8	0	1	explicit
2-1s1s1__group.42__Z6	16	2x2x4	12	12	0	1	explicit
1s1s1s1__group.32__Z7	8	2x2x2x2x2x2	20	20	0	1	explicit
2-1s1s1__group.43__Z9	16	2x2	3	3	0	1	explicit
2-1s1s1__group.42__Z2	16	2x2x2x2	16	16	0	1	explicit
2-1s1s1__group.41__Z2	16	2x2x2x2	16	16	0	1	explicit
2-1s1s1__group.45__Z4	32	2x2x2	6	6	0	1	explicit
2-1s1s1__group.43__Z1	16	2x2x2x2x2x2	36	36	0	1	explicit
1s1s1s1__group.30__Z8	16	2x2x2x2x2x2x2x2	19	19	0	1	explicit
1s1s1s1__group.30__Z1	16	2x2x2x2x2x2x2x2x2x2x2x2	218	218	0	1	explicit
2-1s1s1__group.44__Z1	16	2x2x2x2x2x2	36	36	0	0	explicit
2-1s1s1__group.41__Z3	16	2x2x2x2	16	16	0	1	explicit
2-1s1s1__group.43__Z10	16	2x2x2x2	9	9	0	1	explicit
2-1s1s1__group.47__Z2	8	2x2x2	8	8	0	1	explicit
2-1s1s1__group.44__Z2	16	2x2x2x2	16	16	0	0	explicit
2-1s1s1__group.43__Z11	16	2	2	2	0	1	explicit
2-1s1s1__group.42__Z3	16	2x2x2x4	24	24	0	1	explicit
2-1s1s1__group.45__Z5	32	2x2x2x2x2	20	20	0	1	explicit
2-1s1s1__group.47__Z3	8	2x2x4	12	12	0	1	explicit
1s1s1s1__group.31__Z1	8	2x2x2x2x2x2x2x2	60	60	0	1	explicit
2-1s1s1__group.44__Z3	16	2x2x2	6	6	0	0	explicit
2-1s1s1__group.47__Z4	8	2x4	6	6	0	1	explicit
2-1s1s1__group.43__Z2	16	2x2x2x2	16	16	0	1	explicit
1s1s1s1__group.32__Z8	8	2x2x2x2x2x2	36	36	0	1	explicit
2-1s1s1__group.44__Z4	16	2x2	3	3	0	0	explicit
2-1s1s1__group.47__Z5	8	2x2	4	4	0	1	explicit
2-1s1s1__group.43__Z3	16	2x2x2x2	9	9	0	1	explicit
2-1s1s1__group.46__Z1	8	2x2x2	8	8	0	1	explicit
1s1s1s1__group.31__Z10	8	2x2	4	4	0	1	explicit
2-1s1s1__group.42__Z4	16	2x2x4	12	12	0	1	explicit
2-1s1s1__group.44__Z5	16	2x2x2	6	6	0	0	explicit
2-1s1s1__group.47__Z6	8	2x4	6	6	0	1	explicit
2-1s1s1__group.43__Z4	16	2x2x2x2	9	9	0	1	explicit
2-1s1s1__group.48__Z1	8	2x2x4	12	12	0	1	explicit
2-1s1s1__group.46__Z2	8	2x2	4	4	0	1	explicit
2-1s1s1__group.48__Z10	8	2x2	4	4	0	1	explicit
1s1s1s1__group.31__Z11	8	2x2	4	4	0	1	explicit
2-1s1s1__group.43__Z5	16	2x2x2	6	6	0	1	explicit
2-1s1s1__group.48__Z11	8	2x2	4	4	0	1	explicit
2-1s1s1__group.48__Z2	8	2x4	6	6	0	1	explicit
2-1s1s1__group.45__Z1	32	2x2x2x2x2x2x2x2x2	272	272	0	1	explicit
2-1s1s1__group.49__Z11	8	2x2x2	6	6	0	1	explicit
2-1s1s1__group.48__Z12	8	2x2	4	4	0	1	explicit
2-1s1s1__group.43__Z6	16	2x2x2x2x2x2	40	40	0	1	explicit
2-1s1s1__group.49__Z9	8	2x2x2	8	8	0	1	explicit
2-1s1s1__group.48__Z3	8	2x2	4	4	0	1	explicit
2-1s1s1__group.46__Z3	8	2x2	4	4	0	1	explicit
2-1s1s1__min.27__Z4	4	2	2	2	0	1	explicit
2-1s1s1__group.48__Z13	8	4	3	3	0	1	explicit
2-1s1s1__group.50__Z1	8	2x2x2	6	6	0	1	explicit
2-1s1s1__group.49__Z12	8	2x2x2	6	6	0	1	explicit
2-1s1s1__group.48__Z4	8	2x2	4	4	0	1	explicit
2-1s1s1__group.46__Z4	8	2	2	2	0	1	explicit
2-1s1s1__min.27__Z5	4	2	2	2	0	1	explicit
2-1s1s1__min.27__Z6	4	2	2	2	0	1	explicit
2-1s1s1__group.49__Z13	8	2x2	4	4	0	1	explicit
2-1s1s1__group.45__Z2	32	2x2x2x2x2x2	64	64	0	1	explicit
2-1s1s1__group.48__Z5	8	2	2	2	0	1	explicit
2-1s1s1__group.46__Z5	8	2	2	2	0	1	explicit
2-1s1s1__min.27__Z7	4	1	1	1	0	1	trivial
2-1s1s1__group.50__Z2	8	2x2	4	4	0	1	explicit
2-1s1s1__group.49__Z2	8	2x2x2	8	8	0	1	explicit
2-1s1s1__min.29__Z1	8	2x2x2x4	24	24	0	0	explicit
2-1s1s1__group.46__Z6	8	2	2	2	0	1	explicit
2-1s1s1__min.28__Z1	8	2x2x2	8	8	0	0	explicit
2-1s1s1__group.50__Z3	8	2x2	4	4	0	1	explicit
2-1s1s1__group.48__Z6	8	2x2	4	4	0	1	explicit
2-1s1s1__group.48__Z7	8	1	1	1	0	1	trivial
2-1s1s1__group.49__Z3	8	2x2x2	8	8	0	1	explicit
2-1s1s1__min.28__Z2	8	2x2	4	4	0	0	explicit
2-1s1s1__min.29__Z2	8	2x2x4	12	12	0	0	explicit
2-1s1s1__group.50__Z4	8	2x2	3	3	0	1	explicit
2-1s1s1__group.47__Z1	8	2x2x2x4	24	24	0	1	explicit
2-1s1s1__group.49__Z4	8	2x2x2	6	6	0	1	explicit
2-1s1s1__group.48__Z8	8	2x2x4	12	12	0	1	explicit
2-1s1s1__min.28__Z3	8	2x2	4	4	0	0	explicit
2-1s1s1__min.29__Z3	8	2x2x2	8	8	0	0	explicit
2-1s1s1__group.50__Z5	8	2x2	3	3	0	1	explicit
2-1s1s1__group.49__Z5	8	2x2	4	4	0	1	explicit
2-1s1s1__group.48__Z9	8	2x4	6	6	0	1	explicit
2-1s1s1__group.50__Z6	8	1	1	1	0	1	trivial
2-1s1s1__min.28__Z4	8	2	2	2	0	0	explicit
2-1s1s1__min.29__Z4	8	2x4	6	6	0	0	explicit
2-1s1s1__group.49__Z6	8	2x2x2	6	6	0	1	explicit
2-1s1s1__min.27__Z1	4	4	3	3	0	1	explicit
2-1s1s1__group.49__Z1	8	2x2x2x2	16	16	0	1	explicit
2-1s1s1__min.28__Z5	8	2	2	2	0	0	explicit
2-1s1s1__group.49__Z7	8	2	2	2	0	1	explicit
2-1s1s1__min.29__Z5	8	2x2	4	4	0	0	explicit
2-1s1s1__min.27__Z2	4	2	2	2	0	1	explicit
2-1s1s1__group.49__Z10	8	2x2x2	8	8	0	1	explicit
2-1s1s1__min.28__Z6	8	2	2	2	0	0	explicit
2-1s1s1__min.27__Z3	4	4	3	3	0	1	explicit
2-1s1s1__group.49__Z8	8	2x2x2x2	16	16	0	1	explicit
2-1s1s1__min.29__Z6	8	2x4	6	6	0	0	explicit
2-1s2-1__group.51__Z1	16	2x2	3	3	0	0	explicit
2-1s2-1__group.52__Z3	16	2x2x2x2	12	12	0	1	explicit
2-1s2-1__group.51__Z2	16	2	2	2	0	0	explicit
2-1s2-1__group.52__Z4	16	2x2	3	3	0	1	explicit
2-1s2-1__group.52__Z1	16	2x2x2	6	6	0	1	explicit
2-1s2-1__group.52__Z5	16	2	2	2	0	1	explicit
2-1s2-1__group.55__Z1	32	2x2x2x2	10	10	0	0	explicit
2-1s2-1__group.52__Z2	16	2x2x2	6	6	0	1	explicit
2-1s2-1__group.53__Z1	16	2x2x2x2	7	7	0	0	explicit
2-1s2-1__group.57__Z2	32	2x2	4	4	0	1	explicit
2-1s2-1__group.55__Z2	32	2x2	4	4	0	0	explicit
2-1s2-1__min.31__Z4	16	2x2x2	6	6	0	1	explicit
2-1s2-1__group.53__Z2	16	2x2x2x2	9	10	1	0	explicit
2-1s2-1__group.57__Z3	32	2x2x2x2	16	16	0	1	explicit
2-1s2-1__min.31__Z5	16	2	2	2	0	1	explicit
2-1s2-1__group.56__Z1	32	2x2x2x2x2x2	24	24	0	1	explicit
2-2c2-2__min.34__Z2	6	1	1	2	1	0	trivial
2-2c2-2__min.34__Z3	6	1	1	2	1	0	trivial
2-1s2-1__group.53__Z3	16	2	2	2	0	0	explicit
2-1s2-1__min.31__Z6	16	2x2	3	3	0	1	explicit
2-2pc2-2p__group.59__Z1	6	1	1	2	1	0	trivial
2-2pc2-2p__min.33__Z1	3	1	1	2	1	0	trivial
2-1s2-1__min.31__Z7	16	2x2x2	5	5	0	1	explicit
2-1s2-1__group.53__Z4	16	2x2x2x2	6	7	1	0	explicit
2-1s2-1__group.56__Z2	32	2x2x2	6	6	0	1	explicit
2-2s1c1__group.61__Z1	12	2x2	2	2	0	1	explicit
2-2s1c1__group.65__Z1	12	2x2	2	2	0	1	explicit
2-1s2-1__min.32__Z1	8	2x2	3	3	0	0	explicit
2-2s1c1__group.65__Z2	12	2x2	2	2	0	1	explicit
2-1s2-1__group.53__Z5	16	2	2	2	0	0	explicit
2-2s1c1__group.69__Z3	6	3x3	2	2	0	1	explicit
2-1s2-1__group.56__Z3	32	2x2	3	3	0	1	explicit
2-2s1c1__group.61__Z2	12	2x2	2	2	0	1	explicit
2-1s2-1__min.32__Z2	8	2x2	3	3	0	0	explicit
2-1s2-1__group.57__Z4	32	2x2	4	4	0	1	explicit
2-1s2-1__min.32__Z3	8	1	1	1	0	0	trivial
2-2s1c1__group.70__Z1	6	6x6	4	4	0	0	explicit
2-2s1c1__group.71__Z1	6	1	1	1	0	0	trivial
2-2s1s1__group.73__Z2	12	1	1	1	0	1	trivial
2-2c2-2__group.60__Z1	12	1	1	2	1	0	trivial
2-2s1c1__group.66__Z1	24	2x2x2x2	5	5	0	1	explicit
2-1s2-1__group.54__Z1	32	2x2x2x2	16	16	0	1	explicit
2-2s1c1__min.35__Z1	3	3x3	2	2	0	0	explicit
2-2s1c1__group.67__Z1	6	1	1	1	0	0	trivial
2-2c2-2__group.60__Z2	12	1	1	2	1	0	trivial
2-2s1c1__group.67__Z2	6	1	1	1	0	0	trivial
2-1s2-1__group.56__Z4	32	2x2x2x2x2	24	24	0	1	explicit
2-2c2-2__min.34__Z1	6	1	1	2	1	0	trivial
2-2s1s1__group.74__Z1	12	2x2	3	3	0	1	explicit
2-2s1c1__group.61__Z3	12	2x2	2	2	0	1	explicit
2-2s1s1__group.74__Z2	12	1	1	1	0	1	trivial
2-2s1c1__min.35__Z2	3	3	2	2	0	0	explicit
2-2s1c1__group.68__Z1	6	2x2	2	2	0	1	explicit
2-1s2-1__group.54__Z2	32	2x2	4	4	0	1	explicit
2-2s1c1__group.68__Z2	6	2x2	2	2	0	1	explicit
2-2s1s1__group.72__Z1	12	2x2	4	4	0	1	explicit
2-1s2-1__group.56__Z5	32	2x2	4	4	0	1	explicit
2-2s1s1__group.75__Z1	12	2x2x6	16	16	0	1	explicit
2-2s1s1__group.77__Z2	12	3	2	2	0	1	explicit
2-2s1s1__group.72__Z2	12	1	1	1	0	1	trivial
2-2s1c1__group.62__Z1	12	2x2	2	2	0	0	explicit
2-2s1s1__group.80__Z4	12	1	1	1	0	1	trivial
2-2s1s1__group.75__Z2	12	6	4	4	0	1	explicit
2-2s1s1__group.77__Z3	12	2x6	8	8	0	1	explicit
2-2s1c1__group.68__Z3	6	2x2	2	2	0	1	explicit
2-2s1s1__group.72__Z3	12	2x2	4	4	0	1	explicit
2-2s1s1__group.72__Z4	12	1	1	1	0	1	trivial
2-2s1s1__group.76__Z1	12	2x2	4	4	0	0	explicit
2-2s1c1__group.69__Z1	6	3x3	2	2	0	1	explicit
2-2s1s1__group.80__Z5	12	2x6	8	8	0	1	explicit
2-2s1s1__group.73__Z1	12	2x2	3	3	0	1	explicit
2-2s1s1__group.77__Z4	12	3	2	2	0	1	explicit
2-1s2-1__group.58__Z1	64	2x2x2x2x2x2	36	36	0	1	explicit
2-2s1s1__group.76__Z2	12	1	1	1	0	0	trivial
2-2s1c1__group.63__Z1	12	2x2x2x2	5	5	0	1	explicit
2-1s2-1__group.56__Z6	32	2x2x2x2	10	10	0	1	explicit
2-2s1s1__group.85__Z4	24	2	2	2	0	1	explicit
2-2s1s1__group.77__Z5	12	2x6	8	8	0	1	explicit
2-2s1s1__group.76__Z3	12	2x2	4	4	0	0	explicit
2-2s1c1__group.64__Z1	12	6x6	4	4	0	1	explicit
2-2s1s1__group.76__Z4	12	1	1	1	0	0	trivial
2-2s1s1__group.77__Z6	12	3	2	2	0	1	explicit
2-2s1s1__group.80__Z6	12	3	2	2	0	1	explicit
2-2s1s1__group.86__Z1	24	2x2x2x2	10	10	0	1	explicit
2-2s1s1__group.77__Z1	12	2x6	8	8	0	1	explicit
2-1s2-1__group.56__Z7	32	2x2x2x2x2	14	14	0	1	explicit
2-2s1c1__group.69__Z2	6	3	2	2	0	1	explicit
2-2s1s1__group.78__Z1	12	2x2x2	8	8	0	1	explicit
2-2s1s1__group.83__Z2	24	2	2	2	0	1	explicit
2-2s1s1__group.86__Z2	24	2	2	2	0	1	explicit
2-1s2-1__group.58__Z2	64	2x2x2	6	6	0	1	explicit
2-2s1s1__group.78__Z2	12	2	2	2	0	1	explicit
2-1s2-1__group.57__Z1	32	2x2x2x2	16	16	0	1	explicit
2-1s2-1__min.30__Z1	16	2x2	4	4	0	1	explicit
2-2s1s1__group.86__Z3	24	2x2x2x2	10	10	0	1	explicit
2-2s1s1__group.81__Z1	12	2x2x6	16	16	0	0	explicit
2-2s1s1__group.84__Z1	24	2x2x2x2	16	16	0	1	explicit
2-2s1s1__group.78__Z3	12	2x2x2	8	8	0	1	explicit
2-1s2-1__min.30__Z2	16	2	2	2	0	1	explicit
2-2s1s1__group.81__Z2	12	6	4	4	0	0	explicit
2-2s1s1__group.86__Z4	24	2	2	2	0	1	explicit
2-2s1s1__group.89__Z2	24	2	2	2	0	0	explicit
2-2s1s1__group.78__Z4	12	2	2	2	0	1	explicit
2-2s1s1__group.84__Z2	24	2	2	2	0	1	explicit
2-2s1s1__group.82__Z1	12	2x2	3	3	0	0	explicit
2-1s2-1__min.31__Z1	16	2x2x2x2	7	7	0	1	explicit
2-2s1s1__group.82__Z2	12	1	1	1	0	0	trivial
2-2s1s1__group.78__Z5	12	2x2x2	8	8	0	1	explicit
2-2s1s1__group.82__Z3	12	2x2	3	3	0	0	explicit
2-2s1s1__group.87__Z1	24	2x2x2x6	32	32	0	1	explicit
2-1s2-1__min.31__Z2	16	2x2	3	3	0	1	explicit
2-2s1s1__group.82__Z4	12	1	1	1	0	0	trivial
2-2s1s1__group.84__Z3	24	2x2x2x2	16	16	0	1	explicit
2-1s2-1__min.31__Z3	16	2	2	2	0	1	explicit
2-2s1s1__group.90__Z1	48	2x2x2x2x2x2	36	36	0	1	explicit
2-2s1s1__group.87__Z2	24	6	4	4	0	1	explicit
2-2s1s1__group.83__Z1	24	2x2x2x2	10	10	0	1	explicit
2-2s2-1__group.101__Z1	24	2	2	2	0	1	explicit
2-2s1s1__group.78__Z6	12	2	2	2	0	1	explicit
2-2s2-1__group.101__Z2	24	2	2	2	0	1	explicit
2-2s1s1__group.84__Z4	24	2	2	2	0	1	explicit
2-2s1s1__group.79__Z1	12	2x2x2	8	8	0	1	explicit
2-2s1s1__group.88__Z1	24	2x2x2x2x2	32	32	0	1	explicit
2-2s2-1__group.102__Z1	48	2x2	4	4	0	1	explicit
2-2s1s1__group.79__Z2	12	2	2	2	0	1	explicit
2-2s1s1__group.84__Z5	24	2x2x2x2	16	16	0	1	explicit
2-2s1s1__group.88__Z2	24	2x2	4	4	0	1	explicit
2-2s1s1__group.79__Z3	12	2x2x2	8	8	0	1	explicit
2-2s2-1__group.103__Z1	48	2x2	4	4	0	1	explicit
2-2s1s1__group.90__Z2	48	2x2	4	4	0	1	explicit
2-2s1s1__group.84__Z6	24	2	2	2	0	1	explicit
2-2s1s1__min.36__Z1	6	6	4	4	0	1	explicit
2-2s1s1__group.89__Z1	24	2x2x2x2	10	10	0	0	explicit
2-2s1s1__group.79__Z4	12	2	2	2	0	1	explicit
2-2s2-1__group.105__Z4	48	2x2	4	4	0	1	explicit
2-2s2-1__group.103__Z2	48	2x2	4	4	0	1	explicit
2-2s1s1__min.36__Z2	6	3	2	2	0	1	explicit
2-2s1s1__group.85__Z1	24	2x2x2x2	10	10	0	1	explicit
2-2s1s1__min.36__Z3	6	6	4	4	0	1	explicit
2-2s1s1__group.79__Z5	12	2x2x2	8	8	0	1	explicit
2-2s2-1__group.106__Z1	48	2x2	4	4	0	1	explicit
2-2s2-1__group.104__Z1	48	2x2	4	4	0	1	explicit
2-2s1s1__group.85__Z2	24	2	2	2	0	1	explicit
2-2s1s1__min.36__Z4	6	3	2	2	0	1	explicit
2-2s1s1__group.79__Z6	12	2	2	2	0	1	explicit
2-2s2-1__group.98__Z1	24	2	2	2	0	0	explicit
2-2s1s1__min.37__Z1	6	6	4	4	0	1	explicit
2-2s2-1__group.106__Z2	48	2x2	4	4	0	1	explicit
2-2s2-1__group.104__Z2	48	2x2	4	4	0	1	explicit
2-2s2-1__group.95__Z1	24	2	2	2	0	1	explicit
2-2s1s1__group.80__Z1	12	2x6	8	8	0	1	explicit
2-2s1s1__min.37__Z2	6	3	2	2	0	1	explicit
2-2s2-2__group.109__Z2	12	1	1	2	1	0	trivial
2-2s1s1__group.85__Z3	24	2x2x2x2	10	10	0	1	explicit
2-2s2-1__group.98__Z2	24	2	2	2	0	0	explicit
2-2s1s1__min.37__Z3	6	2	2	2	0	1	explicit
2-2s2-1__group.95__Z2	24	2	2	2	0	1	explicit
2-2s2-1__group.99__Z1	24	2	2	2	0	1	explicit
2-2s2-1__group.107__Z1	48	2x2	4	4	0	0	explicit
2-2s1s1__group.80__Z2	12	3	2	2	0	1	explicit
2-2s2-1__group.105__Z1	48	2x2	4	4	0	1	explicit
2-2s2-2__group.110__Z1	12	1	1	2	1	0	trivial
2-2s2-1__group.99__Z2	24	2	2	2	0	1	explicit
2-2s2-1__group.95__Z3	24	2	2	2	0	1	explicit
2-2s2-2__group.110__Z2	12	1	1	2	1	0	trivial
2-2s1s1__group.80__Z3	12	2x2	4	4	0	1	explicit
2-2s2-2__group.110__Z3	12	1	1	2	1	0	trivial
2-2s2-1__group.108__Z1	48	2x2	4	4	0	1	explicit
2-2s2-1__group.105__Z2	48	2x2	4	4	0	1	explicit
2-2s2-2__group.110__Z4	12	1	1	2	1	0	trivial
2-2s2-2__group.117__Z1	24	1	1	2	1	0	trivial
2-2s2-1__group.91__Z1	24	2	2	2	0	0	explicit
2-2s2-1__group.95__Z4	24	2	2	2	0	1	explicit
2-2s2-1__group.105__Z3	48	2x2	4	4	0	1	explicit
2-2s2-1__group.92__Z1	24	2	2	2	0	1	explicit
2-2s1s1__min.37__Z4	6	1	1	1	0	1	trivial
2-2s2-2__group.117__Z2	24	1	1	2	1	0	trivial
2-2s2-1__max.6__Z1	96	2x2x2	8	8	0	1	explicit
2-2s2-2__group.118__Z1	36	1	1	1	0	1	trivial
2-2s2-1__group.96__Z1	24	2	2	2	0	0	explicit
2-2s2-1__group.92__Z2	24	2	2	2	0	1	explicit
2-2s2-1__min.39__Z1	12	1	1	1	0	0	trivial
2-2s1s1__min.38__Z1	6	6	4	4	0	0	explicit
2-2s2-2__group.118__Z2	36	1	1	1	0	1	trivial
2-2s2-1__min.40__Z1	12	1	1	1	0	0	trivial
2-2s2-2__group.111__Z1	144	1	1	1	0	1	trivial
2-2s2-1__group.96__Z2	24	2	2	2	0	0	explicit
2-2s2-2__group.118__Z3	36	1	1	1	0	1	trivial
2-2s2-1__min.41__Z1	12	1	1	1	0	1	trivial
2-2s2-2__group.112__Z1	18	1	1	1	0	0	trivial
2-2s2-2__group.113__Z3	18	3	2	2	0	1	explicit
2-2s1s1__min.38__Z2	6	3	2	2	0	0	explicit
2-2s2-2__group.119__Z1	36	1	1	1	0	0	trivial
2-2s2-2__group.112__Z2	18	1	1	1	0	0	trivial
2-2s2-1__group.97__Z1	24	2	2	2	0	1	explicit
2-2s2-1__group.93__Z1	24	2	2	2	0	1	explicit
2-2s2-2__group.113__Z1	18	1	1	1	0	1	trivial
2-2s2-2__group.120__Z1	36	1	1	1	0	0	trivial
2-2s2-1__min.41__Z2	12	1	1	1	0	1	trivial
2-2s1s1__min.38__Z3	6	2	2	2	0	0	explicit
2-2s2-1__group.97__Z2	24	2	2	2	0	1	explicit
2-2s2-1__group.94__Z1	24	2	2	2	0	1	explicit
2-2s2-2__group.114__Z1	18	3x3	4	4	0	1	explicit
2-2s2-2__group.113__Z2	18	1	1	1	0	1	trivial
2-2s1s1__min.38__Z4	6	1	1	1	0	0	trivial
2-2s2-2__group.120__Z2	36	1	1	1	0	0	trivial
2-2s2-2__group.109__Z1	12	1	1	2	1	0	trivial
2-2s2-1__group.97__Z3	24	2	2	2	0	1	explicit
2-2s2-2__group.120__Z3	36	1	1	1	0	0	trivial
2-2s1s1__min.38__Z5	6	6	4	4	0	0	explicit
2-2s2-2__group.125__Z4	36	1	1	1	0	1	trivial
2-2s2-1__group.97__Z4	24	2	2	2	0	1	explicit
2-2s2-2__group.121__Z1	36	1	1	1	0	1	trivial
2-2s2-2__group.114__Z2	18	3	2	2	0	1	explicit
2-2s1s1__min.38__Z6	6	3	2	2	0	0	explicit
2-2s2-2__group.125__Z5	36	3	2	2	0	1	explicit
2-2s2-2__group.114__Z3	18	3	2	2	0	1	explicit
2-2s1s1__min.38__Z7	6	6	4	4	0	0	explicit
2-2s2-2__group.126__Z1	36	3x3	3	3	0	1	explicit
2-2s2-2__group.115__Z1	18	3	2	2	0	0	explicit
2-2s2-2__group.122__Z1	36	3	2	2	0	1	explicit
2-2s1s1__min.38__Z8	6	3	2	2	0	0	explicit
2-2s2-2__group.126__Z2	36	3	2	2	0	1	explicit
2-2s2-2__group.116__Z1	18	3x3	3	3	0	0	explicit
2-2s2-1__group.100__Z1	24	2	2	2	0	1	explicit
2-2s2-2__group.123__Z1	36	3	2	2	0	1	explicit
2-2s2-2__group.123__Z2	36	1	1	1	0	1	trivial
2-2s2-2__group.126__Z3	36	3	2	2	0	1	explicit
2-2s2-2__group.129__Z2	72	1	1	1	0	1	trivial
2-2s2-2__group.126__Z4	36	1	1	1	0	1	trivial
2-2s2-2__group.124__Z1	36	1	1	1	0	1	trivial
2-2s2-2__group.116__Z2	18	3	2	2	0	0	explicit
2-2s2-2__group.124__Z2	36	1	1	1	0	1	trivial
2-2s2-2__group.127__Z1	36	1	1	1	0	0	trivial
2-2s2-2__group.129__Z3	72	1	1	1	0	1	trivial
2-2s2-2__group.124__Z3	36	1	1	1	0	1	trivial
2-2s2-2__group.124__Z4	36	1	1	1	0	1	trivial
2-2s2-2__group.116__Z3	18	3	2	2	0	0	explicit
2-2s2-2__group.129__Z4	72	1	1	1	0	1	trivial
2-2s2-2__group.125__Z1	36	1	1	1	0	1	trivial
2-2s2-2__group.127__Z2	36	3	2	2	0	0	explicit
2-2s2-2__min.43__Z1	9	3x3	3	3	0	0	explicit
2-2s2-2__group.116__Z4	18	1	1	1	0	0	trivial
2-2s2-2__group.125__Z2	36	1	1	1	0	1	trivial
2-2s2-2__group.130__Z1	72	1	1	1	0	0	trivial
2-2s2-2__group.128__Z1	72	1	1	1	0	1	trivial
2-2s2-2__min.43__Z2	9	3	2	2	0	0	explicit
2-2s2-2__group.125__Z3	36	3	2	2	0	1	explicit
2-2s2-2__group.129__Z1	72	1	1	1	0	1	trivial
3s1__group.133__Z1	24	2	2	2	0	0	explicit
2-2s2-2__group.116__Z5	18	1	1	1	0	0	trivial
2-2s2-2__group.131__Z1	72	3	2	2	0	1	explicit
3s1__group.133__Z2	24	2	2	2	0	0	explicit
3s1__group.133__Z3	24	1	1	1	0	0	trivial
2-2s2-2__group.131__Z2	72	1	1	1	0	1	trivial
3s1__group.136__Z3	24	2	2	2	0	1	explicit
3s1__group.133__Z4	24	2x2	3	3	0	0	explicit
2-2s2-2__group.132__Z1	72	1	1	1	0	1	trivial
3s1__group.138__Z1	24	2x4	6	6	0	0	explicit
3s1__group.136__Z4	24	2x2	4	4	0	1	explicit
3s1__group.133__Z5	24	2	2	2	0	0	explicit
3s1__group.134__Z3	24	2x2	4	4	0	1	explicit
2-2s2-2__group.132__Z2	72	1	1	1	0	1	trivial
3s1__group.133__Z6	24	2	2	2	0	0	explicit
3s1__group.138__Z2	24	2	2	2	0	0	explicit
2-2s2-2__min.42__Z1	6	1	1	2	1	0	trivial
3s1__group.136__Z5	24	2x2	3	3	0	1	explicit
2-2s2-2__min.42__Z2	6	1	1	2	1	0	trivial
3s1__group.134__Z1	24	2	2	2	0	1	explicit
3s1__group.140__Z1	48	2x2x2x2	12	12	0	1	explicit
3s1__group.138__Z3	24	2x2	4	4	0	0	explicit
3s1__group.136__Z6	24	2x2	4	4	0	1	explicit
3s1__group.134__Z4	24	1	1	1	0	1	trivial
3s1__group.134__Z2	24	2	2	2	0	1	explicit
3s1__group.138__Z4	24	4	3	3	0	0	explicit
3s1__group.137__Z1	24	6	4	4	0	1	explicit
3s1__group.140__Z2	48	2	2	2	0	1	explicit
3s1__group.138__Z5	24	2x2	4	4	0	0	explicit
3s1__group.140__Z3	48	2x2	4	4	0	1	explicit
3s1__group.137__Z2	24	6	4	4	0	1	explicit
3s1__group.134__Z5	24	2	2	2	0	1	explicit
3s1__group.139__Z1	24	6	4	4	0	0	explicit
3s1__group.140__Z4	48	2x2	3	3	0	1	explicit
3s1__group.137__Z3	24	3	2	2	0	1	explicit
3s1__group.145__Z5	48	2x2x2	8	8	0	0	explicit
3s1__group.141__Z6	48	2x2x2	8	8	0	1	explicit
3s1__group.139__Z2	24	3	2	2	0	0	explicit
3s1__group.137__Z4	24	12	6	6	0	1	explicit
3s1__group.140__Z5	48	2x2x2	8	8	0	1	explicit
3s1__group.139__Z3	24	6	4	4	0	0	explicit
3s1__group.146__Z1	48	2x2x2x2	16	16	0	1	explicit
3s1__group.135__Z1	24	2x6	8	8	0	1	explicit
3s1__group.142__Z1	48	2x6	8	8	0	1	explicit
3s1__group.137__Z5	24	6	4	4	0	1	explicit
3s1__group.139__Z4	24	3	2	2	0	0	explicit
3s1__group.141__Z1	48	2x2	4	4	0	1	explicit
3s1__group.146__Z2	48	2x2	4	4	0	1	explicit
3s1__group.137__Z6	24	6	4	4	0	1	explicit
3s1__group.142__Z2	48	6	4	4	0	1	explicit
3s1__group.139__Z5	24	6	4	4	0	0	explicit
3s1__group.141__Z2	48	2x2	3	3	0	1	explicit
3s1__group.146__Z3	48	2x2x2	8	8	0	1	explicit
3s1__group.142__Z3	48	2x2x6	16	16	0	1	explicit
3s1__group.135__Z2	24	2x6	6	6	0	1	explicit
3s1__group.141__Z3	48	2	2	2	0	1	explicit
3s1__group.146__Z4	48	2x2	4	4	0	1	explicit
3s1__group.142__Z4	48	6	4	4	0	1	explicit
3s1__group.143__Z5	48	2x2x2	8	8	0	1	explicit
3s1__group.135__Z3	24	2x2x6	12	12	0	1	explicit
3s1__group.141__Z4	48	2x2x2	8	8	0	1	explicit
3s1__group.147__Z5	96	2x2x2x2x2	32	32	0	1	explicit
3s1__group.146__Z5	48	2x2x2x2	16	16	0	1	explicit
3s1__group.142__Z5	48	2x2x6	16	16	0	1	explicit
3s1__group.144__Z1	48	2x2	4	4	0	1	explicit
3s1__group.135__Z4	24	6	4	4	0	1	explicit
3s1__min.44__Z1	12	6	4	4	0	0	explicit
3s1__group.143__Z1	48	2x2	4	4	0	1	explicit
3s1__group.141__Z5	48	2x2x2	6	6	0	1	explicit
3s1__group.147__Z1	96	2x2x2	8	8	0	1	explicit
3s1__min.44__Z2	12	6	4	4	0	0	explicit
3s1__group.144__Z2	48	4	3	3	0	1	explicit
4-1__group.150__Z1	16	2x2x2x2	6	12	6	0	explicit
3s1__group.143__Z2	48	2	2	2	0	1	explicit
4-1__group.154__Z1	192	2	2	2	0	0	explicit
3s1__min.44__Z3	12	3	2	2	0	0	explicit
3s1__group.144__Z3	48	2x2x4	12	12	0	1	explicit
3s1__group.135__Z5	24	2x6	8	8	0	1	explicit
3s1__group.143__Z3	48	2x2x2	8	8	0	1	explicit
3s1__min.44__Z4	12	6	4	4	0	0	explicit
3s1__group.147__Z2	96	2x2	4	4	0	1	explicit
3s1__group.144__Z4	48	2	2	2	0	1	explicit
3s1__group.143__Z4	48	2	2	2	0	1	explicit
3s1__min.44__Z5	12	3	2	2	0	0	explicit
4-1__group.154__Z2	192	2	2	2	0	0	explicit
4-1__group.150__Z2	16	2	2	4	2	0	explicit
3s1__min.44__Z6	12	3	2	2	0	0	explicit
3s1__group.144__Z5	48	2x2x2	8	8	0	1	explicit
3s1__group.136__Z1	24	2x2	4	4	0	1	explicit
3s1__group.147__Z3	96	2x2x2x2x2	32	32	0	1	explicit
4-1__group.154__Z3	192	1	1	1	0	0	trivial
3s1__group.145__Z1	48	2x2x2	8	8	0	0	explicit
4-1__group.160__Z1	32	2x2	4	8	4	0	explicit
4-1__group.151__Z1	16	2	2	4	2	0	explicit
3s1__group.145__Z2	48	2	2	2	0	0	explicit
3s1__group.147__Z4	96	2x2	4	4	0	1	explicit
3s1__group.145__Z3	48	2x2	4	4	0	0	explicit
4-1__group.160__Z2	32	2	2	4	2	0	explicit
3s1__group.136__Z2	24	2x2	3	3	0	1	explicit
4-1__group.155__Z1	192	2	2	4	2	0	explicit
4-1__group.151__Z2	16	2	2	4	2	0	explicit
3s1__group.145__Z4	48	2	2	2	0	0	explicit
4-1__group.156__Z1	24	1	1	2	1	0	trivial
4-1__group.156__Z2	24	1	1	2	1	0	trivial
4-1__group.148__Z1	128	2x2x2	8	8	0	1	explicit
4-1__group.156__Z3	24	1	1	2	1	0	trivial
4-1__group.152__Z1	192	2	2	2	0	1	explicit
4-1__group.161__Z1	32	2x2x2x2x2x2	7	9	2	0	explicit
4-1__group.157__Z1	24	2x2	2	4	2	0	explicit
4-1__group.171__Z1	64	2x2x2x2	5	5	0	1	explicit
4-1__group.158__Z1	24	1	1	2	1	0	trivial
4-1__group.152__Z2	192	2	2	2	0	1	explicit
4-1__group.148__Z2	128	2x2x2	8	8	0	1	explicit
4-1__group.174__Z1	64	2x2	4	4	0	1	explicit
4-1__group.161__Z2	32	2x2	2	2	0	0	explicit
4-1__group.152__Z3	192	1	1	1	0	1	trivial
4-1__group.159__Z1	288	1	1	1	0	0	trivial
4-1__group.171__Z2	64	2x2	4	4	0	1	explicit
4-1__group.149__Z1	144	1	1	2	1	0	trivial
4-1__group.174__Z2	64	2x2	4	4	0	1	explicit
4-1p__group.180__Z1	16	2	2	4	2	0	explicit
4-1p__min.49__Z1	8	1	1	2	1	0	trivial
4-1__min.45__Z1	16	2	2	4	2	0	explicit
4-1__group.153__Z1	192	2x2	2	2	0	1	explicit
4-1__group.175__Z1	72	1	1	2	1	0	trivial
4-1__group.162__Z1	32	2x2	4	4	0	0	explicit
4-2__group.181__Z1	144	1	1	1	0	1	trivial
4-1__group.162__Z2	32	2x2	3	3	0	0	explicit
4-1__min.45__Z2	16	2	2	4	2	0	explicit
4-1__group.153__Z2	192	2x2	2	2	0	1	explicit
4-2__group.181__Z2	144	1	1	1	0	1	trivial
4-1__min.46__Z1	24	1	1	2	1	0	trivial
4-1__group.171__Z3	64	2x2x2x2x2	10	10	0	1	explicit
4-1__group.176__Z1	96	2x2	2	2	0	0	explicit
4-2__group.185__Z2	24	1	1	2	1	0	trivial
4-1__group.164__Z3	384	2x2	4	4	0	1	explicit
4-1__group.153__Z3	192	2	2	2	0	1	explicit
4-1__group.176__Z2	96	1	1	1	0	0	trivial
4-2__group.182__Z1	144	1	1	1	0	1	trivial
4-2__group.186__Z1	24	1	1	2	1	0	trivial
4-1__group.171__Z4	64	2x2x2	4	4	0	1	explicit
4-1__group.165__Z1	48	1	1	2	1	0	trivial
4-2__group.187__Z1	36	1	1	2	1	0	trivial
4-1__min.47__Z1	32	2x2x2	6	6	0	1	explicit
4-2__group.188__Z1	36	1	1	2	1	0	trivial
4-1__group.176__Z3	96	1	1	1	0	0	trivial
4-1__group.165__Z2	48	1	1	2	1	0	trivial
4-2__group.188__Z2	36	1	1	2	1	0	trivial
4-2__group.182__Z2	144	1	1	1	0	1	trivial
4-1__min.47__Z2	32	2x2	3	3	0	1	explicit
4-2__group.189__Z1	36	1	1	1	0	0	trivial
4-1__group.165__Z3	48	2	2	4	2	0	explicit
4-1__group.163__Z1	32	2x2	4	8	4	0	explicit
4-1__group.177__Z1	96	2	2	4	2	0	explicit
4-2__group.189__Z2	36	1	1	2	1	0	trivial
4-2__group.182__Z3	144	1	1	1	0	1	trivial
4-1__group.172__Z1	64	2x2x2	6	8	2	0	explicit
4-2__group.196__Z2	72	1	1	1	0	1	trivial
4-1__group.178__Z1	96	2x2	2	4	2	0	explicit
4-1__min.47__Z3	32	2x2x2	6	6	0	1	explicit
4-2__group.183__Z1	144	1	1	1	0	1	trivial
4-1__group.166__Z1	48	2x2	3	6	3	0	explicit
4-2__min.51__Z2	18	3	2	4	2	0	explicit
4-2__group.189__Z3	36	3	2	2	0	0	explicit
4-2__group.196__Z3	72	1	1	1	0	1	trivial
4-1__group.163__Z2	32	2x2	3	6	3	0	explicit
4-2__min.51__Z3	18	1	1	2	1	0	trivial
4-2__group.196__Z4	72	1	1	1	0	1	trivial
4-1__group.172__Z2	64	2x2	4	4	0	0	explicit
4-1__min.47__Z4	32	2x2	3	3	0	1	explicit
4-2__min.52__Z1	24	1	1	2	1	0	trivial
4-2__group.197__Z1	72	1	1	1	0	1	trivial
4-2__min.53__Z1	36	1	1	1	0	1	trivial
4-2__group.189__Z4	36	3	2	2	0	0	explicit
4-1__group.179__Z1	96	2	2	4	2	0	explicit
4-2__group.184__Z1	144	1	1	1	0	0	trivial
4-1__group.167__Z1	48	2	2	4	2	0	explicit
4-1__min.47__Z5	32	2	2	2	0	1	explicit
4-2__group.185__Z1	24	1	1	2	1	0	trivial
4-2__group.189__Z5	36	1	1	1	0	0	trivial
4-1__group.168__Z1	48	1	1	2	1	0	trivial
4-2__min.53__Z2	36	3	2	2	0	1	explicit
4-2__group.197__Z2	72	3	2	2	0	1	explicit
4-1__group.164__Z1	384	2	2	2	0	1	explicit
4-2__min.53__Z3	36	1	1	1	0	1	trivial
4-1__min.48__Z1	8	2x2	2	4	2	0	explicit
4-1__group.173__Z1	64	2x2x2	6	6	0	1	explicit
4-2__group.197__Z3	72	3	2	2	0	1	explicit
4-1__min.48__Z2	8	1	1	2	1	0	trivial
4-3__min.55__Z2	20	1	1	1	0	1	trivial
4-2__min.53__Z4	36	3	2	2	0	1	explicit
4-2__group.197__Z4	72	1	1	1	0	1	trivial
4-2p__group.198__Z1	24	1	1	2	1	0	trivial
4-3__min.55__Z3	20	1	1	1	0	1	trivial
4-2p__min.54__Z1	12	1	1	2	1	0	trivial
4-1__group.173__Z2	64	2x2x2	6	6	0	1	explicit
4-3__min.55__Z4	20	1	1	1	0	1	trivial
4-2__group.190__Z1	48	1	1	2	1	0	trivial
4-3__group.199__Z1	120	1	1	1	0	1	trivial
4-1__group.169__Z1	576	1	1	1	0	1	trivial
4-1__group.164__Z2	384	2	2	2	0	1	explicit
4-3__min.56__Z1	60	3	2	2	0	0	explicit
4-2__group.191__Z1	72	1	1	2	1	0	trivial
4-2__group.192__Z1	72	1	1	1	0	1	trivial
4-3__group.199__Z2	120	1	1	1	0	1	trivial
4-3__min.56__Z2	60	3	2	2	0	0	explicit
4-2__max.8__Z1	288	1	1	1	0	1	trivial
4-3p__group.203__Z1	10	1	1	1	0	0	trivial
4-2__group.192__Z2	72	1	1	1	0	1	trivial
4-1__max.7__Z1	1152	1	1	1	0	1	trivial
4-2__min.50__Z1	12	1	1	2	1	0	trivial
4-3p__group.204__Z1	10	1	1	1	0	0	trivial
4-1__group.173__Z3	64	2x2	4	4	0	1	explicit
4-3p__group.204__Z2	10	1	1	1	0	0	trivial
4-2__group.192__Z3	72	1	1	1	0	1	trivial
4-3p__group.205__Z1	20	1	1	1	0	0	trivial
4-3__group.200__Z1	120	3	2	2	0	1	explicit
4-2__min.51__Z1	18	3	2	4	2	0	explicit
4-3p__min.57__Z1	5	1	1	1	0	0	trivial
4-1__group.173__Z4	64	2x2	4	4	0	1	explicit
4-1__group.169__Z2	576	1	1	1	0	1	trivial
4-2__group.193__Z1	72	1	1	1	0	0	trivial
4-3__group.200__Z2	120	3	2	2	0	1	explicit
4-2__group.194__Z1	72	1	1	1	0	0	trivial
4-3__group.201__Z1	120	1	1	1	0	0	trivial
4-3__group.201__Z2	120	1	1	1	0	0	trivial
4-2__group.194__Z2	72	1	1	1	0	0	trivial
4-3__group.202__Z1	40	1	1	1	0	1	trivial
4-2__group.195__Z1	72	1	1	2	1	0	trivial
4-3__group.202__Z2	40	1	1	1	0	1	trivial
4-2__group.196__Z1	72	1	1	1	0	1	trivial
4-3__max.9__Z1	240	1	1	1	0	1	trivial
4-3__max.9__Z2	240	1	1	1	0	1	trivial
4-1__group.170__Z1	576	1	1	1	0	0	trivial
4-3__min.55__Z1	20	1	1	1	0	1	trivial
