0	0	3	5	0	0
1	0	3	5	1	1
2	1	3	5	2	2
4	0	3	5	11	4
26	0	3	5	222	101
52	0	3	5	1221	202
1066	0	3	5	1110111	13231
1667	1	3	5	2021202	23132
2188	0	3	5	10000001	32223
32152	0	3	5	1122002211	2012102
67834	0	3	5	10110001101	4132314
423176	0	3	5	210111111012	102020201
437576	0	3	5	211020020112	103000301
14752936	0	3	5	1000202112020001	12234043221
26513692	0	3	5	1211220000221121	23241414232
27711772	0	3	5	1221010220101221	24043234042
33274388	0	3	5	2022121111212202	32004240023
320785556	0	3	5	211100121121001112	1124110114211
1065805109	0	3	5	2202021111111202022	4140321230414
9012701786	0	3	5	212021002222200120212	121424222424121
9256436186	0	3	5	212220002121200022212	122424121424221
12814126552	0	3	5	1020002001001002000201	202220404022202
18814619428	0	3	5	1210120020000200210121	302013020310203
201241053056	0	3	5	201020102211112201020102	11244120202144211
478999841578	0	3	5	1200210101022201010120021	30321442424412303
670919564984	0	3	5	2101010202112112020101012	41443020402034414
18432110906024	0	3	5	2102021002111111112001202012	4403442430342443044
158312796835916	0	3	5	202202112120000000021211202202	131222244101442222131
278737550525722	0	3	5	1100112221001100011001222110011	243013314000413310342
76226057197381156	0	3	5	111201020002001220022100200020102111	1114412100210120012144111
149954769917489312	0	3	5	222222022122210000000012221220222222	2224214332422242334124222
187908509573113078	0	3	5	1020210122210211002001120122210120201	3034014021010101204104303
198586101776613958	0	3	5	1022201112001000220220001002111022201	3131213034142414303121313
234679042329212848	0	3	5	1120012211011112100012111101122100211	3432034322412142234302343
2195151134400744286	0	3	5	112121212201010010222010010102212121211	121403240322141223042304121
4962844393339522708	0	3	5	1020001202012211201111021122102021000201	313112404420020024404211313
6309131572703144884	0	3	5	1120000221001021000220001201001220000211	410411100443141344001114014
105734861679582249272	0	3	5	222002110021102121020020121201120011200222	24043432014242224241023434042
1363633951126304641036	0	3	5	110110111011100111010202010111001110111011011	1213002442313220223132442003121
2072261080808910025382	0	3	5	200221100100210220222222222022012001001122002	2103031341213340433121431303012
2313109014064895895062	0	3	5	210010210000002212022020220212200000012010012	2220212231044142414401322120222
4611589421840328434224	0	3	5	1120010221112201112012002102111022111220100211	4433434303442144412443034343344
31557988159203994267456	0	3	5	101200102011221022212122221212220122110201002101	113420310042443000344240013024311
32035371021240853343356	0	3	5	101211202222111001202122221202100111222202112101	114144324132200444002231423441411
76264883561776274379908	0	3	5	221210222221222200102010010201002222122222012122	311421022203021202120302220124113
1108752440124277139412946	0	3	5	111220022002102110001220202022100011201200220022111	14230224104042123432124040142203241
1708931826852220300687097	0	3	5	210102110020102120212111111111212021201020011201012	24314433433143233133234133433441342
2072556502296995148346988	0	3	5	221222112110200122102010000010201221002011211222122	32400143403023423032432030434100423
2163522239611873525643068	0	3	5	1000010022211012112100122222210012112101122200100001	33243013004431410401413440031034233
2855415541113186609997324	0	3	5	1022210112011100021010122112210101200011102110122201	44230442143122414241422134124403244
21561926939038211763219436	0	3	5	101000022110100211000122212212221000112001011220000101	1220101432410304012104030142341010221
31290540575858153624967952	0	3	5	112112021110221002101120210012021101200122011120211211	2033342440112444332334442110442433302
482691017369092830404474456	0	3	5	22022010022012210220001111211211110002201221022001022022	113041120231314312303213413132021140311
640283834536373649253906216	0	3	5	102000021222112011112121211202112121211110211222120000201	133444444231233130303031332132444444331
640985782336772789563675741	0	3	5	102000121210010101201002022212220200102101010012121000201	134011003110143044030440341011300110431
1342044022128899326901650193	0	3	5	212002010200001212212122002010200221212212100002010200212	332103013344230340313043032443310301233
25634071299382641576318335272	0	3	5	121022211101002201220101112001100211101022102200101112220121	24021234444214044032423044041244443212042
333606111528080715379480548536	0	3	5	21212111000111102022001020220022002202010022020111100011121212	1213200104314321101322231011234134010023121
359082849107933078822956954736	0	3	5	22110201010211002102112101100111100110121120120011201010201122	1242200443043141004100014001413403440022421
573626404720313270032340775712	0	3	5	111112100122100212002112112122202221211211200212001221001211111	2230134123122022141024201412202213214310322
588904426539734014417353667987	0	3	5	111220002101020022020201220021111120022102020220020101200022111	2243334100223024123111113214203220014333422
758029379825147963952378620833	0	3	5	122212210211002012211002212201111102212200112210200112012212221	3131331142343432142233322412343432411331313
959030355589505562758307094634	0	3	5	211121211102120001222001110110101011011100222100021201112121112	4102104013003120111432341110213003104012014
7261385687730490931264802333656	0	3	5	20100021221220212200211202011110001111020211200221202212212000102	111431443303023023422444224320320303344134111
14788387235488337544459425781892	0	3	5	110220212002122010012220121020221122020121022210010221200212022011	230010000104014111210323012111410401000010032
178460688215552617022863039015156	0	3	5	12202220212010022011122010222211000011222201022111022001021202220221	11114414400024001412410401421410042000441441111
213596377894346205963141663680936	0	3	5	20220121200221010201010220121001211210012102201010201012200212102202	12224200411130100013241214231000103111400242221
380813551428217937685319797984292	0	3	5	110022201022202220202020210002120101021200012020202022202220102220011	23144404212443224211240404211242234421240444132
635730140688854381713947926325539	1	3	5	202120102202120222222020200002100111001200002020222222021202201021202	42140441132301320003143334130002310323114404124
7078322413240812098152774070159996	0	3	5	22111001022101102111110120220111021212011102202101111120110122010011122	1444010343422200403113424243113040022243430104441
7269990017523424642017382636233152	0	3	5	22201020202210100220101210121102112221120112101210102200101220202010222	2010343334114420002144110114412000244114333430102
13499370674725123919625214721421868	0	3	5	121011211100210100000120011011202210012202110110021000001012001112110121	3344440412224004011213034303121104004222140444433
136983023194851653941614777272405336	0	3	5	20002011122200112021000102000011012200221011000020100012021100222111020002	123234312323200313044130121031440313002323213432321
267141960244320726956163073287921253	0	3	5	102212011111012001121010202001010120212021010100202010121100210111110212201	300044102340342102142202414202241201243043201440003
281969044732536111647611202001002728	0	3	5	110111221021120101102011012020012022020220210020210110201101021120122111011	304140422441314341100424242424001143413144224041403
337640314862414423368271377010684398	0	3	5	112222122202101220021010021001112212020212211100120010120022101202221222211	340004312401022130203041222140302031220104213400043
407787223690836019209356178116306114	0	3	5	200002201122120012020001210102200122222221002201012100020210021221102200002	424342332042011312234114424411432213110240233243424
3700301558940565336230758027186929166	0	3	5	20002020202122011202121121102101002221012220010120112112120211022120202020002	13131232343140040400021031213012000404004134323213131
3874150642506089623309179674753069216	0	3	5	20100222010020122012101120011211202011211020211211002110121022102001022200102	13330214234324244212020300200302021244242343241203331
9347420880258935492931551048502203884	0	3	5	120100220202122121121101102012210220210012022012210201101121121221202022001021	41011013031343342234124443234442143224334313031011014
140705550899095073621529622743479302712	0	3	5	22120022200210220022210001211202222201100110222220211210001222002201200222002122	2231410021212103021203214122214123021203012121200141322
186186384479839078710563785227785488708	0	3	5	102100002112000022002011100111111121020222020121111111001110200220000211200001201	3134111401003314242111303300033031112424133001041114313
234484874714320301124704437182720953509	0	3	5	112021111102010200121120020022011111022212220111110220020021121002010201111120211	4103001303020032444301014011104101034442300203031003014
3122737401814098051317214506228960128907	0	3	5	21001010211101000101100022001011022122222122222122011010022000110100010111201010012	211111342204320032400444200232002444004230023402243111112
3193156444804097678980914973672565877182	0	3	5	21012102121011100012021100210002102222120202122220120001200112021000111012120121012	212230133304221214443312124222421213344412122403331032212
